"","Municipality","Households","Households w/ Trash and Recycling","% of Households Served by Municipality","Trash Tonnage","Recycling Tonnage","Food Waste","Yard Waste","Trash Service Type","Provide Trash Bins","Recycling Service Type","RecyclingBins","Food Waste Service Type","Municipal Buildings Trash and Recycling Service","School Trash and Recycling Service","Business Trash and Recycling Service","Non-resident Trash and Recycling Service","Property Tax","Annual Fee","Transfer Station Access Fee","Per-Visit Fee","PAYT/SMART","Enforced Mandatory Recycling","Dedicated Mandatory Recycling Enforcement Personnel","Private Hauler regulations that require recycling","Swap-Shop","Compost Bin Distribution Program"
"3","Abington","6669",5222,0.783025940920678,4151.18,1617.1,NA,"35.1","Curbside","Yes","Curbside","Yes","None","Both","Both","Neither","Neither","Yes",NA,NA,NA,NA,"Yes","Yes",NA,NA,"Yes"
"4","Acton","9823",3815,0.388374223760562,2246.25,3191.95,"77.2","300","Drop-off",NA,"Drop-off",NA,"Drop-off","Both","Neither","Neither","Both",NA,NA,"Yes","Yes","Yes","Yes","No",NA,"Yes","Yes"
"5","Acushnet","3799",3799,1,3726.67,1067.62,NA,"0","Curbside","Yes","Both","Yes","None","Both","Both","Neither","Neither","Yes",NA,NA,NA,NA,NA,NA,"Yes","Yes",NA
"6","Adams","3867",601,0.155417636410654,160.16,12434.84,NA,"10.8","Drop-off",NA,"Drop-off",NA,"None","Both","Neither","Both","Neither","Yes",NA,"Yes",NA,"Yes","Yes","No","Yes",NA,"Yes"
"7","Agawam","13031",8894,0.68252628347786,7259.81,2426.9,NA,"2233","Curbside","Yes","Curbside","Yes","None","Both","Both","Neither","Neither","Yes",NA,NA,NA,NA,"Yes",NA,NA,NA,"Yes"
"9","Amesbury","5846",5646,0.96578857338351,5355.95,1808.55,NA,NA,"Curbside",NA,"Curbside","Yes","None","Both","Both","Both","Neither","Yes",NA,NA,NA,NA,"Yes",NA,NA,NA,NA
"10","Amherst","9162",2340,0.255402750491159,1212.19,495.21,"23","143","Drop-off",NA,"Drop-off",NA,"Drop-off","Both","Both","Both","Both",NA,NA,"Yes",NA,"Yes","Yes",NA,"Yes","Yes","Yes"
"11","Andover","10900",9004,0.82605504587156,10700,3367.25,"137","830","Curbside",NA,"Curbside",NA,"None","Both","Both","Neither","Neither","Yes",NA,NA,NA,NA,NA,NA,NA,NA,NA
"12","Aquinnah","345",230,0.666666666666667,96,57,"0.23",NA,"Drop-off",NA,"Drop-off",NA,"Drop-off","Both","Both","Both","Both","Yes",NA,NA,NA,"Yes","Yes","No",NA,NA,"Yes"
"13","Arlington","20311",20311,1,12510,5400.27,"70.3","3620","Curbside",NA,"Curbside",NA,"Drop-off","Both","Both","Both","Neither","Yes",NA,NA,NA,NA,"Yes","No",NA,NA,"Yes"
"15","Ashby","1145",230,0.200873362445415,109.48,92.76,NA,"1.1299999999999999","Drop-off",NA,"Drop-off",NA,"None","Both","Neither","Both","Neither",NA,NA,NA,NA,"Yes",NA,NA,"Yes","Yes","Yes"
"16","Ashfield","717",462,0.644351464435146,377.14,209.76,NA,NA,"Drop-off",NA,"Drop-off",NA,"None","Both","Recycling","Both","Both",NA,"Yes",NA,NA,NA,"Yes","No",NA,NA,"Yes"
"17","Ashland","6320",5950,0.941455696202532,3153.12,1997.21,NA,"360.51","Curbside",NA,"Curbside","Yes","None","Both","Both","Neither","Neither",NA,"Yes",NA,NA,"Yes",NA,NA,NA,NA,NA
"18","Athol","4696",1108,0.235945485519591,503.4,577.43,NA,"1.19","Drop-off",NA,"Drop-off",NA,"None","Recycling","Neither","Both","Both",NA,NA,"Yes","Yes","Yes",NA,NA,NA,NA,NA
"19","Attleboro","15007",14378,0.958086226427667,10418.85,4520.33,NA,"1420","Curbside","Yes","Curbside","Yes","None","Both","Both","Neither","Neither",NA,"Yes",NA,NA,NA,"Yes","Yes","Yes",NA,"Yes"
"20","Auburn","7542",5157,0.683770883054893,4554,1633,NA,NA,"Curbside","Yes","Curbside","Yes","None","Both","Both","Neither","Neither",NA,"Yes",NA,NA,NA,"Yes","Yes",NA,NA,"Yes"
"22","Ayer","3282",1290,0.393053016453382,738.5,571.77,"12.38","75","Drop-off",NA,"Drop-off",NA,"Drop-off","Both","Neither","Neither","Neither","Yes",NA,"Yes","Yes","Yes",NA,NA,"Yes","Yes","Yes"
"23","Barnstable","25517",9053,0.354783085785947,9657,6691.95,"15.36","405","Drop-off",NA,"Drop-off",NA,"Drop-off","Both","Neither","Neither","Neither",NA,"Yes",NA,"Yes",NA,NA,NA,NA,"Yes",NA
"24","Barre","2477",900,0.363342753330642,752.14,344.78,NA,NA,"Drop-off",NA,"Drop-off",NA,"Drop-off","Recycling","Neither","Both","Neither",NA,NA,NA,NA,"Yes",NA,NA,NA,"Yes","Yes"
"25","Becket","1941",1941,1,601.82,431.31,NA,NA,"Drop-off",NA,"Drop-off",NA,"None","Both","Neither","Both","Both","Yes",NA,"Yes",NA,"Yes",NA,NA,NA,NA,NA
"26","Bedford","5033",4443,0.882773693622094,3911.75,1725.33,"60","520.11","Curbside","Yes","Curbside","Yes","None","Both","Both","Neither","Neither",NA,NA,NA,NA,"Yes",NA,NA,NA,NA,"Yes"
"27","Belchertown","7451",1847,0.247886189773185,1541,1315.4,NA,"726","Drop-off",NA,"Drop-off",NA,"None","Recycling","Neither","Neither","Neither",NA,"Yes","Yes","Yes","Yes","Yes","Yes",NA,"Yes",NA
"29","Belmont","9810",9810,1,6416,3026.78,NA,"160.15","Curbside","Yes","Curbside","Yes","None","Both","Both","Neither","Neither","Yes",NA,NA,NA,NA,"Yes","No",NA,NA,"Yes"
"30","Berkley","2870",1155,0.402439024390244,704.32,476.97,NA,NA,"Drop-off",NA,"Drop-off",NA,"Drop-off","Both","Neither","Neither","Neither","Yes","Yes",NA,NA,NA,"Yes","No",NA,NA,NA
"31","Berlin","1470",720,0.489795918367347,659,237,NA,NA,"Drop-off",NA,"Drop-off",NA,"None","Trash","Neither","Neither","Neither","Yes","Yes",NA,NA,NA,"Yes","No",NA,"Yes","Yes"
"32","Bernardston","801",650,0.811485642946317,417.22,216.91,"52",NA,"Drop-off",NA,"Drop-off",NA,"Drop-off","Both","Neither","Neither","Both","Yes",NA,NA,NA,"Yes","Yes",NA,NA,NA,"Yes"
"33","Beverly","14000",12625,0.901785714285714,12612.2,3216.55,"347.73","1000","Curbside","Yes","Curbside",NA,"None","Both","Both","Both","Neither","Yes","Yes",NA,NA,"Yes","Yes",NA,NA,NA,NA
"34","Billerica","15243",13603,0.892409630650134,13363,4735,NA,"955","Curbside","Yes","Curbside","Yes","None","Both","Both","Neither","Neither","Yes",NA,NA,NA,NA,"Yes","No",NA,NA,"Yes"
"35","Blackstone","3573",3573,1,2438.24,260.3,NA,"54","Curbside",NA,"Both",NA,"None","Both","Both","Neither","Recycling","Yes",NA,NA,NA,NA,"Yes","Yes",NA,NA,NA
"37","Bolton","2146",2146,1,700.27,576.03,NA,NA,"Drop-off",NA,"Drop-off",NA,"None","Both","Both","Both","Neither","Yes",NA,NA,NA,"Yes",NA,NA,NA,NA,NA
"38","Boston","322000",272500,0.846273291925466,199250,45208,NA,"1150.79","Curbside",NA,"Curbside","Yes","Drop-off","Recycling","Recycling","Neither","Neither","Yes",NA,NA,NA,NA,NA,NA,"Yes",NA,NA
"39","Bourne","8149",8149,1,7348.34,8860.54,NA,"3667.4","Both","Yes","Both","Yes","None","Both","Both","Recycling","Both",NA,NA,"Yes",NA,NA,"Yes","No",NA,"Yes","Yes"
"40","Boxborough","2020",933,0.461881188118812,733.9,604.02,NA,NA,"Drop-off",NA,"Drop-off",NA,"None","Both","Neither","Neither","Neither","Yes",NA,"Yes",NA,NA,NA,NA,NA,NA,NA
"41","Boxford","2760",2597,0.940942028985507,2008,1282,NA,NA,"Curbside",NA,"Both",NA,"None","Both","Both","Recycling","Recycling","Yes",NA,NA,NA,"Yes","Yes",NA,NA,NA,NA
"43","Braintree","12300",10373,0.843333333333333,12435.67,3336.45,NA,"4400","Both","Yes","Both","Yes","None","Both","Both","Neither","Neither","Yes","Yes",NA,NA,NA,"Yes",NA,"Yes",NA,"Yes"
"44","Brewster","7133",3729,0.522781438384971,1576,1298.96,"4.71","270","Drop-off",NA,"Drop-off",NA,"Drop-off","Both","Neither","Neither","Both","Yes","Yes",NA,"Yes","Yes",NA,NA,NA,"Yes","Yes"
"47","Brockton","28225",26368,0.934207263064659,27962,8817.73,"0","5812","Curbside","Yes","Both","Yes","None","Both","Recycling","Neither","Neither",NA,"Yes",NA,NA,"Yes",NA,NA,NA,"Yes","Yes"
"48","Brookfield","949",600,0.632244467860906,530.99,154,NA,NA,"Drop-off",NA,"Drop-off",NA,"Drop-off","Both","Neither","Neither","Neither","Yes","Yes","Yes","Yes",NA,"Yes",NA,NA,"Yes",NA
"49","Brookline","24436",14547,0.595310198068424,8584,4912.81,"259.49","3293.33","Curbside","Yes","Curbside","Yes","None","Both","Both","Both","Neither",NA,NA,NA,NA,"Yes","Yes","Yes","Yes",NA,"Yes"
"50","Buckland","682",620,0.909090909090909,243.04,151.5,NA,NA,"Drop-off",NA,"Drop-off",NA,"None","Both","Neither","Neither","Neither","Yes",NA,NA,NA,"Yes","Yes",NA,NA,NA,"Yes"
"51","Burlington","7250",7055,0.973103448275862,5756.29,2285.93,NA,NA,"Curbside","Yes","Curbside","Yes","None","Both","Both","Neither","Neither","Yes",NA,NA,NA,NA,"Yes","No",NA,NA,"Yes"
"52","Cambridge","50000",32500,0.65,15071,9132.26,"380.71","2014","Curbside",NA,"Curbside","Yes","Curbside","Both","Both","Recycling","Neither","Yes",NA,NA,NA,NA,"Yes","Yes","Yes",NA,NA
"53","Canton","7477",7459,0.997592617359904,7095.4,1939,NA,NA,"Curbside","Yes","Curbside","Yes","None","Both","Both","Neither","Neither","Yes",NA,NA,NA,NA,NA,NA,NA,"Yes",NA
"54","Carlisle","1800",1600,0.888888888888889,1934.11,976.99,"0","0","Drop-off",NA,"Drop-off",NA,"Drop-off","Both","Both","Both","Neither","Yes",NA,"Yes",NA,NA,"Yes","No",NA,"Yes","Yes"
"56","Charlemont","473",440,0.930232558139535,171.15,77.68,NA,NA,"Drop-off",NA,"Drop-off",NA,"None","Both","Neither","Neither","Neither","Yes",NA,NA,NA,"Yes","Yes",NA,NA,"Yes","Yes"
"57","Charlton","4964",0,0,295,65.18,NA,NA,"Drop-off",NA,"Drop-off",NA,"None","Both","Neither","Neither","Neither","Yes",NA,NA,NA,NA,NA,NA,NA,NA,NA
"58","Chatham","5873",3160,0.53805550825813,4687,2729.71,NA,NA,"Drop-off",NA,"Drop-off",NA,"Drop-off","Both","Both","Both","Both","Yes","Yes",NA,"Yes",NA,"Yes","No","Yes",NA,"Yes"
"59","Chelmsford","13564",12697,0.936080802123267,11160.04,3488.7,NA,NA,"Curbside",NA,"Curbside",NA,"None","Both","Both","Neither","Neither","Yes",NA,NA,NA,"Yes",NA,NA,NA,NA,"Yes"
"61","Cheshire","1358",835,0.614874815905744,639.24,168.95,NA,"10.8","Drop-off",NA,"Drop-off",NA,"None","Both","Neither","Neither","Neither","Yes",NA,"Yes",NA,"Yes","Yes",NA,NA,NA,"Yes"
"62","Chester","699",240,0.343347639484979,206.27,94.32,NA,NA,"Drop-off",NA,"Drop-off",NA,"None","Both","Neither","Both","Neither",NA,"Yes",NA,NA,"Yes","Yes","Yes",NA,NA,NA
"63","Chesterfield","555",226,0.407207207207207,158.94,64.83,NA,NA,"Drop-off",NA,"Drop-off",NA,"None","Both","Neither","Both","Neither",NA,"Yes",NA,NA,"Yes","Yes","No",NA,NA,"Yes"
"64","Chicopee","24300",18902,0.777860082304527,11856.73,4943.51,NA,"6051.7","Curbside","Yes","Both","Yes","None","Both","Neither","Neither","Neither","Yes",NA,NA,NA,"Yes","Yes","Yes","Yes",NA,NA
"65","Chilmark","886",300,0.338600451467269,83,57,"1",NA,"Drop-off",NA,"Drop-off",NA,"Drop-off","Both","Both","Neither","Both",NA,NA,NA,NA,"Yes","Yes","No",NA,NA,NA
"66","Clarksburg","720",0,0,2.65,5.15,NA,NA,"None",NA,"None",NA,"None","Neither","Neither","Neither","Neither",NA,NA,NA,NA,NA,NA,NA,NA,NA,"Yes"
"67","Clinton","4512",4256,0.943262411347518,2442.04,1122.23,NA,"27","Curbside",NA,"Both","Yes","None","Both","Both","Recycling","Recycling","Yes","Yes",NA,NA,"Yes","Yes","No","Yes","Yes",NA
"68","Cohasset","3433",3157,0.919603845033498,1438.81,1033.63,NA,NA,"Drop-off",NA,"Drop-off",NA,"None","Both","Recycling","Both","Neither","Yes","Yes",NA,NA,"Yes","Yes",NA,"Yes","Yes","Yes"
"69","Colrain","675",645,0.955555555555556,285.29,154.66,NA,NA,"Drop-off",NA,"Drop-off",NA,"None","Both","Neither","Neither","Neither","Yes",NA,NA,NA,"Yes","Yes",NA,NA,NA,"Yes"
"70","Concord","5500",3504,0.637090909090909,2642.74,1875.25,NA,"3365.4","Curbside",NA,"Curbside",NA,"None","Both","Both","Recycling","Neither",NA,"Yes",NA,NA,"Yes",NA,NA,NA,NA,"Yes"
"71","Conway","669",648,0.968609865470852,550.09,267.91,"42",NA,"Drop-off",NA,"Drop-off",NA,"Drop-off","Both","Neither","Neither","Neither","Yes",NA,"Yes",NA,NA,"Yes",NA,NA,"Yes","Yes"
"72","Cummington","426",295,0.692488262910798,190.27,86.98,NA,NA,"Drop-off",NA,"Drop-off",NA,"None","Both","Neither","Both","Neither",NA,"Yes",NA,NA,"Yes","Yes","No","Yes","Yes","Yes"
"73","Dalton","2552",665,0.260579937304075,440,243.85,NA,"0","Drop-off",NA,"Drop-off",NA,"None","Both","Both","Neither","Neither","Yes",NA,"Yes",NA,"Yes","Yes",NA,"Yes",NA,NA
"74","Danvers","15672",7738,0.493746809596733,6749.4,2645.33,NA,NA,"Both",NA,"Both",NA,"None","Both","Both","Neither","Neither","Yes",NA,NA,NA,NA,"Yes",NA,NA,NA,"Yes"
"75","Dartmouth","11563",10125,0.875637810256854,5986.79,3900.44,NA,"1324.34","Both",NA,"Both","Yes","None","Recycling","Recycling","Recycling","Neither",NA,"Yes","Yes","Yes","Yes","Yes","No","Yes",NA,"Yes"
"76","Dedham","8700",8700,1,6840.28,2765.51,NA,NA,"Curbside","Yes","Curbside","Yes","None","Both","Both","Neither","Neither","Yes",NA,NA,NA,NA,NA,NA,NA,NA,NA
"77","Deerfield","1762",1294,0.734392735527809,620.3,356.1,"83","50","Drop-off",NA,"Drop-off",NA,"Drop-off","Both","Neither","Neither","Neither","Yes",NA,"Yes",NA,"Yes","Yes",NA,NA,"Yes","Yes"
"78","Dennis","14347",7004,0.488185683418136,4253,3209,"10","2907","Drop-off",NA,"Drop-off",NA,"Drop-off","Recycling","Neither","Recycling","Both",NA,"Yes",NA,"Yes",NA,NA,NA,NA,NA,"Yes"
"79","Devens","171",0,0,43.93,89.97,NA,"16.88","None",NA,"Drop-off",NA,"None","Both","Both","Recycling","Recycling","Yes",NA,NA,NA,NA,"Yes",NA,"Yes",NA,"Yes"
"80","Dighton","2885",2785,0.965337954939341,2050.45,1077.74,NA,"5.4","Curbside",NA,"Curbside",NA,"None","Both","Neither","Neither","Neither","Yes",NA,"Yes",NA,"Yes",NA,NA,NA,NA,NA
"81","Douglas","3173",1320,0.416010085092972,1313,370.62,NA,NA,"Drop-off",NA,"Drop-off",NA,"None","Both","Neither","Neither","Neither",NA,NA,"Yes",NA,NA,NA,NA,"Yes",NA,"Yes"
"82","Dover","2150",2150,1,1304.5,737.4,"39.700000000000003",NA,"Drop-off",NA,"Drop-off",NA,"Drop-off","Neither","Neither","Neither","Neither","Yes",NA,NA,NA,NA,NA,NA,NA,"Yes","Yes"
"83","Dracut","12213",10619,0.869483337427332,10522,3188.11,NA,"1010","Curbside","Yes","Both","Yes","None","Both","Both","Neither","Neither","Yes",NA,NA,NA,NA,NA,NA,NA,NA,"Yes"
"84","Dudley","3659",790,0.215905985241869,662,170,NA,NA,"Drop-off",NA,"Drop-off",NA,"None","Both","Both","Neither","Neither",NA,"Yes","Yes",NA,NA,NA,NA,NA,"Yes",NA
"85","Dunstable","1124",313,0.27846975088968,163.66,117.63,NA,NA,"Curbside","Yes","Curbside","Yes","None","Both","Neither","Neither","Neither","Yes","Yes",NA,NA,NA,NA,NA,NA,NA,NA
"86","Duxbury","6632",5998,0.904402895054282,2707,3030.39,NA,"3000","Drop-off",NA,"Drop-off",NA,"None","Both","Neither","Both","Neither","Yes","Yes",NA,NA,"Yes","Yes","No",NA,NA,NA
"87","East Bridgewater","4300",2800,0.651162790697674,3024,1707.9,NA,"307.8","Both","Yes","Both","Yes","None","Both","Both","Neither","Neither",NA,"Yes",NA,NA,"Yes",NA,NA,"Yes",NA,"Yes"
"88","East Brookfield","974",940,0.965092402464066,645.68,106.22,NA,NA,"Curbside",NA,"Curbside",NA,"None","Both","Both","Both","Neither",NA,"Yes",NA,NA,"Yes",NA,NA,NA,NA,NA
"89","East Longmeadow","5680",5680,1,4471.35,234309.97,NA,"4644.49","Curbside","Yes","Curbside",NA,"None","Both","Both","Neither","Neither","Yes",NA,NA,NA,"Yes","Yes","Yes",NA,NA,"Yes"
"90","Eastham","5676",3776,0.665257223396758,4164.18,1620.26,NA,"391.74","Drop-off",NA,"Drop-off",NA,"None","Both","Both","Both","Both","Yes","Yes",NA,"Yes",NA,NA,NA,NA,"Yes","Yes"
"93","Edgartown","3508",1754,0.5,955,1050,"6","200","Drop-off",NA,"Drop-off",NA,"Drop-off","Both","Both","Neither","Both",NA,NA,NA,NA,"Yes",NA,NA,NA,NA,NA
"94","Egremont","875",875,1,511,411.34,"0.5","0.18","Drop-off",NA,"Drop-off",NA,"Drop-off","Both","Neither","Both","Neither","Yes",NA,NA,NA,NA,"Yes","No","Yes","Yes","Yes"
"95","Erving","586",586,1,446.71,112.98,NA,NA,"Curbside",NA,"Curbside",NA,"None","Both","Both","Neither","Neither","Yes",NA,NA,NA,NA,"Yes",NA,NA,NA,"Yes"
"97","Everett","15591",15000,0.962093515489706,16492.1,3003.79,NA,NA,"Curbside","Yes","Curbside","Yes","None","Both","Both","Both","Neither","Yes",NA,NA,NA,NA,"Yes","Yes",NA,NA,NA
"98","Fairhaven","6721",6513,0.969052224371373,5604,1650.19,NA,"525","Curbside","Yes","Both","Yes","None","Both","Both","Neither","Neither","Yes",NA,"Yes",NA,NA,NA,NA,NA,NA,NA
"99","Fall River","36724",31352,0.853719638383618,29133.35,9977.49,NA,"3969","Both","Yes","Curbside","Yes","None","Both","Both","Neither","Neither","Yes",NA,NA,NA,NA,NA,NA,NA,NA,"Yes"
"100","Falmouth","21000",21000,1,13031.79,3535.85,NA,NA,"Both",NA,"Curbside",NA,"None","Both","Both","Neither","Neither","Yes",NA,NA,NA,NA,NA,NA,NA,"Yes",NA
"101","Fitchburg","17012",13500,0.793557488831413,13510.02,3368.86,NA,"460.36","Both","Yes","Both","Yes","None","Both","Both","Neither","Neither","Yes",NA,NA,NA,NA,"Yes","Yes","Yes","Yes",NA
"102","Florida","350",191,0.545714285714286,345.45,61.67,NA,"9.4499999999999993","Drop-off",NA,"Drop-off",NA,"None","Both","Both","Both","Neither","Yes",NA,"Yes",NA,NA,"Yes",NA,NA,NA,"Yes"
"104","Framingham","26194",18355,0.70073299228831,19047,6751.52,NA,"183.98","Both","Yes","Both","Yes","None","Both","Both","Recycling","Neither","Yes",NA,NA,NA,NA,NA,NA,NA,NA,"Yes"
"105","Franklin","10010",9405,0.93956043956044,7867.28,4284.67,NA,"243","Curbside","Yes","Both","Yes","None","Both","Both","Both","Neither",NA,"Yes",NA,NA,NA,"Yes","No","Yes",NA,NA
"106","Freetown","4261",2349,0.551279042478292,1879.46,724.89,NA,NA,"Curbside",NA,"Curbside",NA,"None","Both","Both","Neither","Neither","Yes",NA,NA,NA,"Yes",NA,NA,NA,"Yes",NA
"107","Gardner","8228",6617,0.804205153135634,4946.13,1515.33,NA,NA,"Both","Yes","Both","Yes","None","Both","Both","Recycling","Neither",NA,"Yes","Yes",NA,NA,NA,NA,NA,NA,"Yes"
"109","Gill","513",513,1,196.72,121.69,NA,NA,"Curbside",NA,"Curbside",NA,"None","Both","Both","Neither","Neither","Yes",NA,NA,NA,"Yes","Yes",NA,NA,NA,"Yes"
"110","Gloucester","13825",12850,0.929475587703436,7112.63,3461.06,"135.19999999999999","600","Curbside",NA,"Curbside",NA,"None","Both","Both","Neither","Neither","Yes",NA,NA,NA,"Yes","Yes","No",NA,NA,NA
"111","Goshen","561",250,0.445632798573975,133.76,66.6,NA,NA,"Drop-off",NA,"Drop-off",NA,"None","Both","Neither","Both","Neither",NA,"Yes",NA,NA,"Yes","Yes","No",NA,NA,"Yes"
"113","Grafton","6476",5154,0.7958616429895,3901.97,2436.25,NA,NA,"Curbside",NA,"Curbside","Yes","None","Both","Both","Neither","Neither","Yes",NA,NA,NA,"Yes",NA,NA,NA,NA,NA
"114","Granby","3079",3079,1,2024.3,531.27,NA,"9.99","Curbside",NA,"Curbside",NA,"None","Both","Both","Recycling","Neither","Yes",NA,NA,NA,"Yes",NA,NA,NA,NA,NA
"115","Granville","562",450,0.800711743772242,171.1,108.06,NA,NA,"Drop-off",NA,"Drop-off",NA,"None","Both","Both","Both","Neither","Yes",NA,NA,NA,"Yes",NA,NA,"Yes","Yes",NA
"117","Greenfield","5604",5059,0.902748037116345,3960,2007.27,NA,"31.91","Both",NA,"Both",NA,"Drop-off","Both","Recycling","Neither","Neither","Yes",NA,"Yes",NA,"Yes","Yes",NA,NA,NA,"Yes"
"118","Groton","3917",1508,0.384988511616033,1018.5,867.02,"2.25","2.4300000000000002","Drop-off",NA,"Drop-off",NA,"Drop-off","Both","Recycling","Both","Recycling","Yes",NA,"Yes",NA,"Yes",NA,NA,NA,NA,"Yes"
"120","Hadley","2208",550,0.249094202898551,275.7,184.2,NA,NA,"Drop-off",NA,"Drop-off",NA,"None","Neither","Neither","Neither","Neither",NA,NA,"Yes",NA,"Yes",NA,NA,NA,NA,NA
"121","Halifax","3600",2723,0.756388888888889,663.37,375.75,NA,NA,"Curbside",NA,"Both",NA,"None","Both","Both","Neither","Neither",NA,NA,NA,NA,"Yes","Yes","Yes","Yes","Yes","Yes"
"122","Hamilton","2655",2655,1,1678.79,1221.6,"286.49",NA,"Curbside","Yes","Curbside",NA,"Curbside","Both","Neither","Both","Neither","Yes",NA,NA,NA,"Yes",NA,NA,NA,NA,NA
"124","Hancock","315",250,0.793650793650794,281.09,87.3,NA,"5.4","Drop-off",NA,"Drop-off",NA,"None","Both","Both","Both","Neither","Yes",NA,"Yes",NA,NA,"Yes",NA,NA,NA,"Yes"
"125","Hanover","5000",5000,1,5374.38,1550.11,NA,"1500","Drop-off",NA,"Drop-off",NA,"None","Both","Both","Neither","Neither","Yes",NA,NA,NA,NA,"Yes",NA,NA,"Yes",NA
"126","Hanson","3815",2000,0.524246395806029,748,593.92,NA,"1000","Drop-off",NA,"Drop-off",NA,"None","Neither","Neither","Neither","Neither","Yes","Yes",NA,NA,"Yes","Yes","No","Yes",NA,"Yes"
"128","Harvard","1966",1250,0.635808748728383,864.84,604.07,NA,NA,"Drop-off",NA,"Drop-off",NA,"None","Both","Recycling","Neither","Neither",NA,NA,"Yes",NA,"Yes","Yes","No","Yes","Yes",NA
"129","Harwich","10255",5550,0.541199414919551,5158,13429.5,NA,"1195","Drop-off",NA,"Drop-off",NA,"None","Both","Both","Both","Both",NA,"Yes","Yes",NA,NA,NA,NA,NA,"Yes",NA
"131","Haverhill","21300",20928,0.982535211267606,22104,8493.18,"0","540","Curbside","Yes","Both",NA,"None","Both","Both","Both","Neither","Yes",NA,NA,NA,NA,"Yes","Yes",NA,NA,"Yes"
"132","Hawley","166",0,0,0,0,NA,NA,"None",NA,"None",NA,"None","Neither","Neither","Neither","Neither",NA,NA,NA,NA,NA,NA,NA,NA,NA,NA
"133","Heath","381",327,0.858267716535433,137.64,90.72,NA,NA,"Drop-off",NA,"Drop-off",NA,"None","Both","Neither","Neither","Neither","Yes",NA,"Yes",NA,"Yes","Yes",NA,NA,"Yes","Yes"
"134","Hingham","7555",7555,1,6803.8,3194.33,NA,"3453.25","Drop-off",NA,"Drop-off",NA,"None","Both","Both","Both","Neither","Yes",NA,NA,NA,NA,"Yes","No",NA,"Yes",NA
"135","Hinsdale","743",619,0.833109017496635,409.65,111,NA,NA,"Drop-off",NA,"Drop-off",NA,"None","Both","Neither","Recycling","Neither","Yes",NA,"Yes",NA,"Yes","Yes",NA,NA,"Yes","Yes"
"137","Holden","7621",5980,0.784673927306128,4629.87,2144.05,NA,NA,"Curbside","Yes","Curbside","Yes","Curbside","Both","Neither","Neither","Neither","Yes",NA,NA,NA,NA,NA,NA,NA,NA,NA
"139","Holliston","5197",4834,0.930152010775447,3532,2038.63,NA,"64","Curbside","Yes","Curbside","Yes","None","Both","Both","Neither","Neither","Yes",NA,NA,NA,"Yes",NA,NA,NA,NA,"Yes"
"140","Holyoke","16200",9950,0.614197530864197,7807,948,NA,NA,"Both",NA,"Both",NA,"None","Both","Recycling","Recycling","Neither","Yes",NA,NA,NA,NA,"Yes","Yes",NA,NA,NA
"144","Hudson","6969",1710,0.245372363323289,911.43,951.17,NA,"193.86","Drop-off",NA,"Drop-off",NA,"Drop-off","Both","Both","Neither","Neither",NA,NA,"Yes",NA,NA,NA,NA,"Yes","Yes",NA
"145","Hull","10400",0,0,0,13,"0","0","None",NA,"None",NA,"None","Neither","Neither","Neither","Neither",NA,NA,NA,NA,NA,NA,NA,"Yes",NA,NA
"146","Huntington","955",462,0.483769633507853,402.92,153,NA,NA,"Drop-off",NA,"Drop-off",NA,"None","Both","Neither","Both","Neither",NA,"Yes",NA,NA,"Yes","Yes","No",NA,NA,"Yes"
"147","Ipswich","6401",5067,0.791595063271364,3120.75,1949.37,"287.91000000000003","356.4","Curbside",NA,"Both",NA,"Curbside","Both","Both","Recycling","Neither","Yes",NA,NA,NA,"Yes","Yes",NA,NA,NA,NA
"148","Kingston","4751",2953,0.62155335718796,3181,1743.07,NA,"500","Drop-off",NA,"Drop-off",NA,"None","Recycling","Neither","Neither","Neither","Yes","Yes",NA,NA,NA,"Yes","No","Yes","Yes","Yes"
"149","Lakeville","4499",1342,0.298288508557457,988.62,334.55,NA,NA,"Drop-off",NA,"Drop-off",NA,"None","Neither","Neither","Neither","Neither","Yes","Yes",NA,NA,"Yes",NA,NA,NA,"Yes",NA
"151","Lanesborough","1322",0,0,3.64,4575.2,NA,NA,"None",NA,"Drop-off",NA,"None","Recycling","Neither","Neither","Neither","Yes",NA,NA,NA,NA,"Yes",NA,NA,NA,"Yes"
"152","Lawrence","30000",21723,0.7241,29650,4424,NA,NA,"Curbside","Yes","Curbside",NA,"None","Both","Both","Neither","Neither","Yes",NA,NA,NA,NA,NA,NA,NA,NA,NA
"153","Lee","2265",0,0,0,0,NA,NA,"None",NA,"None",NA,"None","Neither","Neither","Neither","Neither",NA,NA,NA,NA,NA,NA,NA,"Yes",NA,NA
"154","Leicester","3603",0,0,0,263.25,NA,"60","None",NA,"Drop-off",NA,"None","Neither","Neither","Neither","Neither",NA,"Yes",NA,NA,NA,NA,NA,NA,"Yes",NA
"156","Leominster","14941",11546,0.772772906766615,10254,3265,NA,"0","Both","Yes","Both","Yes","None","Both","Both","Neither","Neither","Yes",NA,NA,NA,NA,NA,NA,NA,NA,"Yes"
"157","Leverett","719",651,0.905424200278164,287.86,188.69,"42","1","Drop-off",NA,"Drop-off",NA,"Drop-off","Both","Neither","Neither","Neither","Yes",NA,"Yes",NA,"Yes","Yes",NA,NA,"Yes","Yes"
"158","Lexington","12463",11046,0.88630345823638,9002,6862,"687","3543","Curbside",NA,"Curbside",NA,"None","Both","Both","Neither","Neither","Yes",NA,NA,NA,NA,"Yes","No","Yes",NA,"Yes"
"160","Lincoln","1934",1934,1,896,565.62,"42",NA,"Drop-off",NA,"Drop-off",NA,"Drop-off","Both","Neither","Neither","Neither","Yes",NA,NA,NA,NA,"Yes","Yes",NA,"Yes","Yes"
"161","Littleton","3102",1751,0.564474532559639,6731.79,1022.8,NA,"130","Drop-off",NA,"Drop-off",NA,"None","Neither","Neither","Neither","Neither",NA,"Yes",NA,NA,NA,NA,NA,NA,"Yes",NA
"162","Longmeadow","5779",5534,0.957605121993425,3797.41,1882.67,NA,"319.57","Curbside","Yes","Curbside",NA,"None","Both","Both","Neither","Neither","Yes",NA,"Yes",NA,"Yes","Yes",NA,"Yes","Yes","Yes"
"163","Lowell","38000",25000,0.657894736842105,26191.81,6936.75,"0","261.63","Curbside","Yes","Curbside","Yes","None","Both","Both","Neither","Neither","Yes","Yes",NA,NA,NA,"Yes","Yes",NA,NA,"Yes"
"164","Ludlow","7156",7080,0.989379541643376,5452,1620,NA,"2276","Both",NA,"Both",NA,"None","Both","Neither","Neither","Neither","Yes",NA,NA,NA,"Yes",NA,NA,NA,NA,NA
"165","Lunenburg","4244",3644,0.858623939679548,1901.44,1108.82,NA,"129","Curbside",NA,"Curbside",NA,"None","Both","Both","Neither","Neither","Yes",NA,NA,NA,"Yes",NA,NA,NA,NA,"Yes"
"166","Lynn","33122",27000,0.81516816617354,29113.74,7665.73,NA,"583.74","Curbside","Yes","Curbside","Yes","None","Both","Both","Neither","Neither","Yes","Yes",NA,NA,"Yes","Yes","Yes",NA,NA,"Yes"
"167","Lynnfield","4590",4350,0.947712418300654,4870.9,1333.91,NA,"14.58","Curbside",NA,"Curbside",NA,"None","Both","Both","Neither","Neither","Yes",NA,NA,NA,NA,NA,NA,NA,NA,"Yes"
"168","Malden","25000",17100,0.684,12826.55,4286.42,NA,"1760","Curbside",NA,"Both",NA,"None","Both","Both","Neither","Neither","Yes",NA,NA,NA,"Yes","Yes",NA,"Yes",NA,NA
"169","Manchester","2413",2413,1,1154.81,998.73,"216.88",NA,"Both",NA,"Both",NA,"Both","Both","Neither","Recycling","Neither","Yes",NA,NA,NA,"Yes","Yes",NA,NA,NA,NA
"170","Mansfield","7912",6831,0.863372093023256,5307,2550.4,NA,NA,"Curbside","Yes","Curbside","Yes","None","Both","Neither","Neither","Neither","Yes",NA,NA,NA,NA,"Yes",NA,NA,NA,"Yes"
"171","Marblehead","8000",8000,1,4658.4,2976.39,"3765","1211.1099999999999","Both",NA,"Both",NA,"Both","Both","Both","Recycling","Both","Yes",NA,"Yes",NA,NA,"Yes","No",NA,"Yes","Yes"
"172","Marion","2773",2773,1,1549.42,541.74,NA,"39.78","Both","Yes","Both","Yes","None","Both","Both","Recycling","Neither","Yes",NA,"Yes",NA,NA,NA,NA,NA,NA,NA
"173","Marlborough","12000",12000,1,9194.21,3146.73,NA,NA,"Both","Yes","Both","Yes","Drop-off","Both","Both","Neither","Neither","Yes",NA,NA,NA,NA,NA,NA,NA,"Yes",NA
"174","Marshfield","9650",9524,0.986943005181347,6141,7165.63,NA,"164","Both",NA,"Both","Yes","None","Both","Both","Both","Neither",NA,"Yes","Yes",NA,NA,NA,NA,NA,"Yes","Yes"
"175","Mashpee","7074",4624,0.653661294882669,4052.37,1202.01,"12.45","129.6","Drop-off",NA,"Drop-off",NA,"Drop-off","Both","Both","Neither","Neither","Yes",NA,"Yes","Yes",NA,NA,NA,"Yes",NA,"Yes"
"176","Mattapoisett","3600",3600,1,2200,1621.48,NA,"108","Both","Yes","Both","Yes","None","Both","Both","Neither","Neither","Yes",NA,NA,NA,NA,NA,NA,NA,NA,NA
"177","Maynard","4166",4166,1,2385.26,1042.73,NA,"51.84","Curbside",NA,"Curbside","Yes","None","Both","Both","Neither","Neither","Yes",NA,NA,NA,"Yes",NA,NA,NA,NA,"Yes"
"178","Medfield","4424",3519,0.795433996383363,2915,1190.85,"26.25","1972","Drop-off",NA,"Drop-off",NA,"Drop-off","Neither","Neither","Neither","Neither","Yes","Yes",NA,NA,NA,NA,NA,NA,"Yes","Yes"
"179","Medford","21322",19500,0.914548353812963,16535,5661,"0","2289","Curbside","Yes","Curbside","Yes","None","Both","Both","Both","Neither","Yes",NA,NA,NA,NA,"Yes",NA,NA,NA,NA
"180","Medway","4458",4176,0.936742934051144,3763.32,1863.22,NA,"459","Both",NA,"Both","Yes","None","Both","Both","Neither","Neither",NA,"Yes",NA,NA,"Yes","Yes","No","Yes","Yes","Yes"
"181","Melrose","11514",8905,0.773406287997221,7200,3239.03,"26.7","990","Curbside",NA,"Both",NA,"None","Both","Both","Neither","Neither","Yes","Yes",NA,NA,NA,NA,NA,NA,NA,"Yes"
"183","Merrimac","3178",1288,0.405286343612335,620.58,565.05,NA,"75.06","Curbside",NA,"Curbside","Yes","None","Both","Neither","Neither","Neither","Yes",NA,NA,NA,"Yes",NA,NA,NA,NA,NA
"184","Methuen","17907",14221,0.794158708884794,19379.11,4445.54,NA,NA,"Both",NA,"Both",NA,"None","Both","Both","Neither","Neither","Yes",NA,"Yes",NA,NA,NA,NA,NA,NA,"Yes"
"185","Middleborough","7362",6395,0.86864982341755,5145,2159.83,NA,"370","Both","Yes","Both","Yes","None","Both","Neither","Neither","Neither",NA,"Yes","Yes",NA,"Yes",NA,NA,"Yes",NA,"Yes"
"186","Middlefield","269",164,0.609665427509294,141.69,50.99,NA,NA,"Drop-off",NA,"Drop-off",NA,"None","Both","Neither","Both","Neither",NA,"Yes",NA,NA,NA,"Yes","No",NA,"Yes","Yes"
"188","Milford","11500",9000,0.782608695652174,9987,3300,NA,NA,"Curbside",NA,"Both",NA,"None","Both","Both","Neither","Neither","Yes",NA,NA,NA,NA,"Yes","No",NA,NA,"Yes"
"190","Millis","3656",945,0.258479212253829,462.09,287.53,NA,NA,"Drop-off",NA,"Drop-off",NA,"None","Both","Recycling","Neither","Neither",NA,NA,"Yes",NA,NA,"Yes","No",NA,NA,NA
"192","Milton","9555",8937,0.935321821036107,6967.34,3914.96,NA,"373.03","Curbside","Yes","Both","Yes","None","Both","Both","Recycling","Neither","Yes",NA,NA,NA,"Yes",NA,NA,NA,NA,"Yes"
"193","Monroe","73",73,1,53.83,26.45,NA,NA,"Curbside",NA,"Curbside",NA,"None","Both","Neither","Both","Neither","Yes",NA,NA,NA,NA,"Yes",NA,NA,NA,"Yes"
"194","Monson","2962",2689,0.907832545577313,2543.97,442.12,NA,NA,"Curbside",NA,"Curbside",NA,"None","Both","Both","Neither","Neither",NA,"Yes",NA,NA,NA,"Yes",NA,"Yes","Yes","Yes"
"195","Montague","2625",2625,1,1609.97,595.53,NA,"100","Curbside",NA,"Both",NA,"None","Both","Neither","Neither","Neither","Yes",NA,NA,NA,"Yes","Yes",NA,NA,NA,"Yes"
"196","Monterey","902",600,0.665188470066519,353.17,288.65,NA,NA,"Drop-off",NA,"Drop-off",NA,"Drop-off","Both","Neither","Both","Neither","Yes",NA,"Yes",NA,NA,"Yes","No",NA,"Yes","Yes"
"198","Mount Washington","146",146,1,46.38,27.47,NA,NA,"Drop-off",NA,"Drop-off",NA,"None","Both","Neither","Neither","Both",NA,"Yes",NA,NA,NA,"Yes","Yes",NA,NA,NA
"200","Nantucket","9293",9293,1,11109.75,11757.12,"7332.44","13837.54","Drop-off",NA,"Drop-off",NA,"Drop-off","Both","Both","Both","Both","Yes",NA,NA,NA,NA,"Yes","Yes","Yes","Yes",NA
"201","Natick","13440",10600,0.788690476190476,6092.04,5373.35,NA,"334.8","Curbside",NA,"Both","Yes","Curbside","Both","Both","Neither","Neither","Yes",NA,NA,NA,"Yes",NA,NA,NA,NA,"Yes"
"202","Needham","8402",5400,0.642704118067127,3259,8453.61,"0","88.56","Drop-off",NA,"Drop-off",NA,"None","Both","Both","Both","Neither","Yes",NA,NA,NA,"Yes","Yes",NA,"Yes","Yes","Yes"
"203","New Ashford","95",0,0,0,1468.73,NA,NA,"None",NA,"Drop-off",NA,"None","Recycling","Neither","Recycling","Neither","Yes",NA,NA,NA,NA,"Yes",NA,NA,NA,"Yes"
"204","New Bedford","38888",36394,0.935867105533841,32831.37,8912.67,NA,"5237.54","Curbside","Yes","Both","Yes","None","Both","Both","Both","Neither","Yes",NA,NA,NA,NA,"Yes","Yes",NA,NA,"Yes"
"206","New Marlborough","940",455,0.484042553191489,262.87,241.3,"262.87",NA,"Drop-off",NA,"Drop-off",NA,"Drop-off","Both","Neither","Both","Both",NA,NA,"Yes",NA,NA,NA,NA,NA,"Yes",NA
"207","New Salem","426",228,0.535211267605634,186.01,105.78,"4",NA,"Drop-off",NA,"Drop-off",NA,"Drop-off","Both","Neither","Neither","Neither","Yes",NA,"Yes",NA,"Yes","Yes",NA,NA,"Yes","Yes"
"209","Newburyport","9950",7514,0.755175879396985,5641.58,2620.1,"227.18","487.08","Curbside",NA,"Both","Yes","Both","Both","Both","Both","Neither","Yes",NA,NA,NA,NA,"Yes",NA,NA,"Yes",NA
"210","Newton","33500",28500,0.850746268656716,18690.06,10337.24,NA,"1949.4","Curbside","Yes","Both","Yes","Drop-off","Both","Both","Neither","Neither","Yes",NA,NA,NA,NA,NA,NA,NA,"Yes","Yes"
"211","Norfolk","3869",1270,0.32825019384854,916,424.87,NA,"455","Drop-off",NA,"Drop-off",NA,"None","Both","Neither","Neither","Neither",NA,NA,"Yes",NA,"Yes",NA,NA,NA,NA,NA
"212","North Adams","5366",5366,1,4718,170.24,NA,"249","Drop-off",NA,"Drop-off",NA,"Drop-off","Both","Both","Both","Both",NA,NA,"Yes",NA,"Yes",NA,NA,NA,NA,NA
"213","North Andover","11607",8311,0.71603342810373,8864,2729.19,NA,NA,"Curbside",NA,"Curbside",NA,"None","Both","Both","Recycling","Neither","Yes",NA,NA,NA,NA,NA,NA,NA,NA,NA
"214","North Attleborough","11071",9002,0.813115346400506,5369.13,3098.89,NA,"675","Both",NA,"Both","Yes","None","Both","Both","Neither","Neither",NA,"Yes",NA,NA,"Yes","Yes","Yes","Yes",NA,NA
"215","North Brookfield","2053",1077,0.52459814905017,640,182.7,NA,"110","Drop-off",NA,"Drop-off",NA,"None","Both","Recycling","Both","Neither",NA,"Yes",NA,NA,"Yes","Yes","Yes","Yes","Yes",NA
"216","North Reading","5370",4363,0.812476722532588,4523,288.3,NA,NA,"Curbside",NA,"Curbside",NA,"None","Both","Both","Neither","Neither",NA,"Yes",NA,NA,NA,NA,NA,NA,NA,NA
"217","Northampton","12065",3003,0.24890178201409,907.28,884.74,"201.37","262","Drop-off",NA,"Drop-off",NA,"Drop-off","Neither","Neither","Neither","Neither",NA,NA,"Yes",NA,"Yes","Yes","No","Yes","Yes","Yes"
"218","Northborough","5949",4953,0.832576903681291,2097,1174.86,NA,"461.97","Curbside",NA,"Curbside",NA,"None","Both","Neither","Neither","Neither","Yes",NA,NA,NA,"Yes","Yes",NA,"Yes",NA,"Yes"
"220","Northfield","1145",825,0.720524017467249,393.64,269.01,"63",NA,"Drop-off",NA,"Drop-off",NA,"Drop-off","Both","Neither","Neither","Neither","Yes",NA,"Yes",NA,"Yes","Yes",NA,NA,"Yes","Yes"
"222","Norwell","3680",3567,0.96929347826087,2806,1750.3,NA,"311.04000000000002","Curbside","Yes","Both","Yes","None","Both","Both","Neither","Neither","Yes",NA,NA,NA,NA,"Yes",NA,NA,NA,NA
"223","Norwood","13381",9639,0.720349749645019,10616.97,3722.99,"12","164.7","Curbside","Yes","Both","Yes","Drop-off","Both","Both","Neither","Neither","Yes",NA,NA,NA,NA,NA,NA,NA,NA,"Yes"
"224","Oak Bluffs","3035",1894,0.624052718286656,759.33,261.87,"6.1",NA,"Both",NA,"Drop-off",NA,"Drop-off","Both","Trash","Neither","Neither",NA,NA,NA,NA,"Yes",NA,NA,NA,NA,"Yes"
"225","Oakham","810",0,0,0,0,NA,NA,"None",NA,"None",NA,"None","Neither","Neither","Neither","Neither",NA,NA,NA,NA,NA,NA,NA,NA,NA,NA
"226","Orange","2475",1170,0.472727272727273,734.71,297.18,"8","100","Drop-off",NA,"Drop-off",NA,"Drop-off","Both","Neither","Neither","Neither","Yes",NA,"Yes",NA,"Yes","Yes",NA,"Yes","Yes","Yes"
"227","Orleans","5362",3825,0.713353226408057,1914,1354.08,NA,"620","Drop-off",NA,"Drop-off",NA,"None","Recycling","Recycling","Recycling","Recycling","Yes","Yes",NA,"Yes",NA,"Yes","No",NA,"Yes","Yes"
"228","Otis","1701",1200,0.705467372134039,853.56,479.61,NA,"3.88","Drop-off",NA,"Drop-off",NA,"None","Both","Neither","Both","Both","Yes","Yes",NA,NA,NA,"Yes","Yes",NA,NA,NA
"230","Palmer","4255",0,0,0,95,NA,NA,"None",NA,"Drop-off",NA,"None","Neither","Neither","Neither","Neither",NA,NA,NA,NA,NA,NA,NA,"Yes",NA,NA
"231","Paxton","1592",1592,1,1524.35,165.85,NA,NA,"Curbside",NA,"Both","Yes","None","Both","Neither","Neither","Neither",NA,"Yes",NA,NA,NA,"Yes",NA,NA,"Yes","Yes"
"232","Peabody","17394",14000,0.804875244337128,16398.69,3668.52,NA,"1155.29","Both",NA,"Both",NA,"None","Both","Both","Neither","Neither","Yes",NA,NA,NA,NA,"Yes",NA,NA,NA,NA
"234","Pembroke","6686",6544,0.978761591384984,5803.99,2216.27,NA,"900","Curbside","Yes","Both","Yes","None","Both","Recycling","Neither","Neither",NA,"Yes",NA,NA,NA,NA,NA,NA,"Yes",NA
"235","Pepperell","4647",1405,0.302345599311384,908.71,889.97,NA,NA,"Drop-off",NA,"Drop-off",NA,"None","Both","Neither","Neither","Both",NA,NA,"Yes","Yes","Yes",NA,NA,NA,NA,NA
"236","Peru","380",335,0.881578947368421,207.53,66,NA,NA,"Drop-off",NA,"Drop-off",NA,"None","Both","Neither","Both","Neither","Yes",NA,"Yes",NA,"Yes","Yes",NA,NA,NA,"Yes"
"237","Petersham","495",294,0.593939393939394,216.76,130,NA,NA,"Drop-off",NA,"Drop-off",NA,"None","Both","Recycling","Neither","Neither","Yes",NA,"Yes",NA,"Yes","Yes",NA,NA,"Yes",NA
"238","Phillipston","803",392,0.488169364881694,192.63,92.49,NA,NA,"Drop-off",NA,"Drop-off",NA,"None","Both","Both","Both","Neither","Yes","Yes",NA,NA,"Yes",NA,NA,NA,"Yes",NA
"239","Pittsfield","13741",13617,0.990975911505713,17440,1962.92,NA,NA,"Both",NA,"Both",NA,"None","Both","Both","Neither","Neither","Yes",NA,NA,NA,NA,"Yes",NA,NA,NA,"Yes"
"240","Plainfield","312",216,0.692307692307692,106.21,53.13,NA,NA,"Drop-off",NA,"Drop-off",NA,"None","Both","Neither","Both","Neither",NA,NA,NA,NA,"Yes","Yes","No",NA,NA,"Yes"
"241","Plainville","4043",2389,0.590897848132575,1569,859.59,NA,"441","Curbside",NA,"Curbside",NA,"None","Both","Both","Neither","Neither","Yes","Yes",NA,NA,"Yes",NA,NA,"Yes",NA,"Yes"
"242","Plymouth","32340",4355,0.134662956091528,2519.61,1275.2,NA,"1000","Drop-off",NA,"Drop-off",NA,"None","Both","Both","Neither","Neither",NA,"Yes",NA,NA,"Yes",NA,NA,"Yes",NA,"Yes"
"244","Princeton","1257",0,0,0,28.91,NA,NA,"None",NA,"None",NA,"None","Neither","Neither","Neither","Neither",NA,NA,NA,NA,NA,NA,NA,"Yes","Yes","Yes"
"245","Provincetown","2556",2556,1,2432,1180.34,NA,"17.28","Both",NA,"Both",NA,"None","Both","Both","Neither","Both","Yes",NA,"Yes","Yes",NA,"Yes","Yes","Yes","Yes",NA
"246","Quincy","45000",33500,0.744444444444444,32467.65,5742.78,NA,"1182.5999999999999","Curbside",NA,"Both",NA,"None","Both","Both","Neither","Neither","Yes",NA,NA,NA,NA,NA,NA,NA,NA,"Yes"
"247","Randolph","12253",9526,0.777442259038603,11105,2556,NA,"1469","Curbside",NA,"Curbside","Yes","None","Both","Both","Neither","Neither",NA,"Yes",NA,NA,NA,NA,NA,NA,NA,NA
"248","Raynham","4562",1190,0.26085050416484,742.06,796.1,NA,NA,"Drop-off",NA,"Drop-off",NA,"None","Both","Neither","Both","Neither",NA,NA,"Yes",NA,"Yes",NA,NA,NA,NA,NA
"249","Reading","8895",8293,0.932321528948848,7585.39,2805.72,NA,"4123.7","Curbside",NA,"Curbside",NA,"None","Both","Both","Neither","Neither","Yes",NA,NA,NA,NA,"Yes",NA,NA,NA,NA
"251","Revere","27269",20452,0.750009167919616,18989.65,3697.73,NA,"760.67","Curbside","Yes","Curbside","Yes","None","Both","Both","Neither","Neither","Yes",NA,NA,NA,NA,"Yes",NA,NA,NA,NA
"253","Rochester","1984",1984,1,2313.87,589.43,"0","0","Both","Yes","Both","Yes","None","Both","Neither","Neither","Neither","Yes",NA,"Yes",NA,NA,NA,NA,"Yes",NA,"Yes"
"254","Rockland","5445",5075,0.932047750229568,4554,1386.86,NA,"500","Curbside","Yes","Both","Yes","None","Both","Both","Neither","Neither",NA,"Yes",NA,NA,NA,"Yes",NA,"Yes","Yes","Yes"
"255","Rockport","4922",3125,0.634904510361642,2090.93,1032.18,NA,NA,"Drop-off",NA,"Drop-off",NA,"None","Both","Both","Both","Neither","Yes",NA,NA,NA,"Yes","Yes","No",NA,"Yes",NA
"256","Rowe","216",184,0.851851851851852,127.87,68.35,NA,NA,"Drop-off",NA,"Drop-off",NA,"None","Both","Neither","Neither","Neither","Yes",NA,"Yes",NA,"Yes","Yes",NA,NA,"Yes","Yes"
"258","Royalston","562",385,0.685053380782918,248.5,229.47,NA,NA,"Drop-off",NA,"Drop-off",NA,"None","Both","Both","Both","Both","Yes",NA,"Yes",NA,"Yes",NA,NA,NA,"Yes","Yes"
"259","Russell","563",420,0.746003552397869,245.37,84.86,NA,NA,"Drop-off",NA,"Drop-off",NA,"None","Both","Neither","Neither","Neither","Yes","Yes",NA,NA,"Yes","Yes",NA,NA,NA,NA
"261","Salem","20981",17000,0.810256899099185,12004.11,4117.21,"190.04","585.29","Curbside","Yes","Curbside","Yes","Drop-off","Both","Both","Both","Neither","Yes","Yes",NA,NA,"Yes","Yes","Yes","Yes",NA,"Yes"
"264","Sandwich","8500",5000,0.588235294117647,3219,2402.19,NA,"11253","Drop-off",NA,"Drop-off",NA,"None","Both","Both","Both","Both",NA,NA,NA,"Yes","Yes",NA,NA,"Yes",NA,NA
"265","Saugus","10662",8758,0.82142187206903,9793.74,2435.41,NA,"248.4","Curbside",NA,"Both",NA,"None","Both","Both","Neither","Neither","Yes",NA,NA,NA,NA,"Yes","Yes",NA,NA,NA
"266","Savoy","293",164,0.559726962457338,100.17,36.98,NA,NA,"Drop-off",NA,"Drop-off",NA,"None","Both","Neither","Both","Neither","Yes",NA,"Yes",NA,"Yes","Yes","No",NA,"Yes","Yes"
"267","Scituate","7850",5237,0.667133757961783,5497,5194.74,NA,NA,"Drop-off",NA,"Drop-off",NA,"None","Both","Neither","Neither","Neither",NA,NA,"Yes",NA,"Yes","Yes","No",NA,"Yes",NA
"268","Seekonk","5306",5146,0.969845457972107,3230.86,1541.85,NA,"135","Curbside","Yes","Curbside","Yes","None","Both","Neither","Neither","Neither",NA,"Yes",NA,"Yes","Yes","Yes","No","Yes",NA,NA
"269","Sharon","6686",5376,0.804068202213581,4692.08,2557.64,NA,NA,"Curbside","Yes","Curbside","Yes","None","Both","Both","Neither","Neither",NA,"Yes",NA,NA,"Yes",NA,NA,NA,NA,NA
"270","Sheffield","1703",849,0.498532002348796,636.68,237.56,NA,NA,"Drop-off",NA,"Drop-off",NA,"None","Both","Neither","Neither","Neither",NA,"Yes",NA,NA,NA,NA,NA,NA,"Yes",NA
"271","Shelburne","607",503,0.828665568369028,257.69,123.42,NA,NA,"Drop-off",NA,"Drop-off",NA,"None","Both","Neither","Neither","Neither","Yes",NA,NA,NA,"Yes","Yes",NA,NA,"Yes","Yes"
"272","Sherborn","1456",1456,1,1598.31,721.15,"38.25",NA,"Drop-off",NA,"Drop-off",NA,"Drop-off","Both","Recycling","Both","Neither","Yes",NA,NA,NA,NA,"Yes","No",NA,"Yes","Yes"
"273","Shirley","2500",1654,0.6616,1130.94,362.85,NA,"25","Curbside","Yes","Curbside","Yes","None","Both","Neither","Neither","Neither","Yes",NA,NA,NA,"Yes","Yes","No","Yes",NA,NA
"274","Shrewsbury","13072",10158,0.777080783353733,6448.68,2895.32,NA,"966.46","Curbside",NA,"Curbside",NA,"None","Both","Both","Both","Both","Yes",NA,NA,NA,"Yes","Yes","No",NA,NA,NA
"275","Shutesbury","814",810,0.995085995085995,353.93,197.02,NA,NA,"Curbside",NA,"Curbside",NA,"None","Both","Both","Both","Neither","Yes",NA,"Yes",NA,"Yes","Yes",NA,NA,"Yes","Yes"
"276","Somerset","6944",6944,1,4089.74,2479,NA,NA,"Both",NA,"Curbside","Yes","None","Both","Both","Both","Neither","Yes",NA,"Yes",NA,"Yes",NA,NA,NA,NA,NA
"277","Somerville","28000",26250,0.9375,18846.21,7692.92,NA,NA,"Curbside","Yes","Curbside","Yes","None","Both","Both","Recycling","Neither","Yes",NA,NA,NA,NA,"Yes",NA,NA,NA,"Yes"
"278","South Hadley","7190",6507,0.905006954102921,2881.91,2130.46,NA,"280.8","Both",NA,"Both",NA,"None","Both","Both","Both","Both",NA,"Yes",NA,NA,NA,"Yes","No","Yes","Yes",NA
"279","Southampton","2275",976,0.429010989010989,689.48,383.66,"0","54","Drop-off",NA,"Drop-off",NA,"None","Both","Both","Both","Neither",NA,"Yes",NA,NA,"Yes","Yes","No","Yes","Yes",NA
"281","Southbridge","7303",6587,0.901958099411201,5136,1266,NA,NA,"Curbside","Yes","Curbside","Yes","None","Both","Both","Neither","Neither","Yes",NA,NA,NA,NA,"Yes",NA,"Yes",NA,"Yes"
"282","Southwick","3536",2012,0.569004524886878,2259,1095.25,NA,"180","Drop-off",NA,"Drop-off",NA,"None","Both","Neither","Neither","Neither","Yes","Yes",NA,NA,NA,"Yes","No","Yes",NA,NA
"283","Spencer","3796",1812,0.477344573234984,1228,521,NA,NA,"Drop-off",NA,"None",NA,"Drop-off","Neither","Neither","Neither","Neither",NA,NA,"Yes",NA,"Yes",NA,NA,"Yes","Yes",NA
"284","Springfield","61000",40000,0.655737704918033,45840.04,8579.57,NA,"9433.4","Curbside","Yes","Both","Yes","None","Both","Neither","Neither","Neither","Yes","Yes",NA,NA,NA,"Yes","Yes","Yes",NA,NA
"285","Sterling","3400",3200,0.941176470588235,2302.2,955.22,NA,NA,"Curbside",NA,"Both",NA,"None","Both","Both","Neither","Neither","Yes",NA,NA,NA,NA,"Yes",NA,NA,"Yes","Yes"
"287","Stoneham","9500",6700,0.705263157894737,6272.7,2166.93,NA,"1800","Curbside",NA,"Curbside",NA,"None","Both","Both","Neither","Neither","Yes","Yes",NA,NA,NA,"Yes",NA,NA,NA,NA
"290","Sturbridge","3751",1882,0.501732871234338,570,463.22,"0","13.5","Drop-off",NA,"Drop-off",NA,"None","Both","Neither","Both","Neither","Yes",NA,NA,NA,"Yes","Yes","No","Yes","Yes",NA
"291","Sudbury","6588",894,0.135701275045537,679.49,442.84,NA,"1.1299999999999999","Drop-off",NA,"Drop-off",NA,"None","Neither","Neither","Neither","Neither",NA,"Yes",NA,NA,"Yes",NA,NA,NA,"Yes",NA
"292","Sunderland","896",0,0,0,0,NA,NA,"None",NA,"None",NA,"None","Neither","Neither","Neither","Neither",NA,NA,NA,NA,NA,NA,NA,NA,NA,NA
"293","Sutton","3690",1217,0.329810298102981,565,328.37,"1.5","5.72","Drop-off",NA,"Drop-off",NA,"Drop-off","Neither","Neither","Neither","Neither",NA,"Yes",NA,NA,NA,NA,NA,NA,NA,NA
"294","Swampscott","5745",5125,0.892080069625762,4000.73,1931.14,"74.5",NA,"Curbside","Yes","Curbside",NA,"Both","Both","Both","Neither","Neither","Yes",NA,NA,NA,NA,NA,NA,NA,NA,NA
"295","Swansea","6448",6137,0.951767990074442,3875.8,2211.11,NA,NA,"Curbside",NA,"Curbside","Yes","None","Both","Neither","Neither","Neither",NA,"Yes",NA,NA,"Yes",NA,NA,NA,NA,NA
"296","Taunton","20408",16709,0.8187475499804,12777.28,5065.96,NA,"2245.2399999999998","Both",NA,"Both","Yes","None","Both","Both","Neither","Neither","Yes",NA,NA,NA,"Yes","Yes","Yes",NA,NA,"Yes"
"298","Tewksbury","10056",10056,1,10008,2845.38,NA,"654","Curbside","Yes","Curbside","Yes","None","Both","Both","Neither","Neither","Yes",NA,NA,NA,NA,NA,NA,NA,NA,"Yes"
"299","Tisbury","2511",956,0.380724810832338,1278,1604,NA,NA,"Drop-off",NA,"Drop-off",NA,"Drop-off","Trash","Neither","Neither","Neither","Yes",NA,"Yes",NA,NA,NA,NA,NA,NA,NA
"301","Topsfield","2161",2161,1,1896.06,386.03,"11.25","162","Curbside",NA,"Curbside",NA,"None","Both","Both","Neither","Neither","Yes",NA,NA,NA,"Yes",NA,NA,NA,NA,NA
"302","Townsend","3615",3450,0.954356846473029,2395.91,979.21,NA,"3","Curbside",NA,"Both",NA,"None","Both","Neither","Recycling","Recycling","Yes",NA,NA,NA,NA,NA,NA,NA,"Yes","Yes"
"303","Truro","3348",1834,0.54778972520908,1104.99,586.18,"480","54","Drop-off",NA,"Drop-off",NA,"Drop-off","Both","Both","Both","Both","Yes","Yes",NA,NA,NA,"Yes","Yes",NA,"Yes","Yes"
"304","Tyngsborough","4387",3791,0.864144062001368,3822,1080.98,NA,NA,"Curbside","Yes","Curbside","Yes","None","Both","Both","Neither","Neither","Yes",NA,NA,NA,NA,"Yes",NA,NA,NA,"Yes"
"305","Tyringham","277",204,0.736462093862816,160.92,75.06,NA,NA,"Drop-off",NA,"Drop-off",NA,"None","Both","Neither","Neither","Neither",NA,NA,"Yes",NA,NA,NA,NA,NA,NA,NA
"306","Upton","3100",2384,0.769032258064516,1512.48,962.91,"0","0","Curbside","Yes","Curbside",NA,"None","Both","Neither","Neither","Neither","Yes",NA,NA,NA,"Yes","Yes",NA,"Yes",NA,NA
"307","Uxbridge","5500",0,0,0,0,NA,NA,"None",NA,"None",NA,"None","Neither","Neither","Neither","Neither",NA,NA,NA,NA,NA,"Yes","No","Yes",NA,"Yes"
"308","Wakefield","8925",7242,0.811428571428571,7742.86,2150.15,NA,"2000","Curbside","Yes","Curbside",NA,"None","Both","Neither","Neither","Neither","Yes",NA,NA,NA,NA,"Yes","Yes",NA,NA,"Yes"
"310","Walpole","8510",7432,0.873325499412456,8298.16,1764.17,NA,NA,"Curbside",NA,"Both",NA,"None","Both","Both","Neither","Neither","Yes",NA,NA,NA,NA,NA,NA,NA,NA,NA
"311","Waltham","23000",19170,0.833478260869565,19036.51,4685.45,NA,NA,"Curbside",NA,"Curbside","Yes","None","Both","Both","Recycling","Neither","Yes",NA,NA,NA,NA,NA,NA,NA,NA,NA
"313","Wareham","12380",0,0,0,75.3,NA,NA,"Drop-off",NA,"Drop-off",NA,"None","Both","Both","Neither","Neither",NA,NA,NA,NA,NA,NA,NA,NA,NA,NA
"314","Warren","2042",599,0.29333986287953,487,314.06,NA,NA,"Drop-off",NA,"Drop-off",NA,"None","Both","Neither","Both","Both","Yes",NA,"Yes",NA,NA,NA,NA,NA,NA,NA
"315","Warwick","362",300,0.828729281767956,109.63,74.26,NA,NA,"Drop-off",NA,"Drop-off",NA,"None","Both","Neither","Neither","Neither","Yes",NA,NA,NA,"Yes","Yes",NA,NA,NA,"Yes"
"317","Watertown","13652",10000,0.732493407559332,9388.52,2982.37,NA,"1067","Curbside","Yes","Both","Yes","None","Both","Both","Neither","Neither","Yes",NA,NA,NA,NA,"Yes",NA,NA,NA,"Yes"
"318","Wayland","5885",1845,0.313508920985556,733.39,803.19,NA,"1080","Drop-off",NA,"Drop-off",NA,"None","Both","Both","Neither","Neither",NA,NA,"Yes","Yes","Yes",NA,NA,NA,"Yes","Yes"
"320","Wellesley","9339",9339,1,5246,3424,"109","613","Drop-off",NA,"Drop-off",NA,"Drop-off","Both","Recycling","Both","Both","Yes",NA,NA,NA,NA,NA,NA,NA,"Yes",NA
"321","Wellfleet","3669",3309,0.901880621422731,1428,1101.47,"4.4000000000000004","1000","Drop-off",NA,"Drop-off",NA,"Drop-off","Both","Both","Both","Both","Yes","Yes",NA,NA,NA,"Yes","No",NA,"Yes","Yes"
"322","Wendell","376",352,0.936170212765957,211.5,96.21,"3.5",NA,"Drop-off",NA,"Drop-off",NA,"Drop-off","Both","Neither","Neither","Neither","Yes",NA,"Yes",NA,"Yes","Yes",NA,NA,"Yes","Yes"
"323","Wenham","1419",1345,0.94785059901339,923.3,660.26,"208.2",NA,"Curbside","Yes","Curbside",NA,"Curbside","Both","Neither","Both","Neither","Yes",NA,NA,NA,"Yes","Yes",NA,NA,NA,NA
"324","West Boylston","2903",2488,0.857044436789528,1486.85,729.09,NA,NA,"Curbside",NA,"Curbside",NA,"None","Both","Both","Neither","Neither","Yes",NA,NA,NA,"Yes",NA,NA,NA,"Yes","Yes"
"325","West Bridgewater","3226",1820,0.564166150030998,2437.37,583.19,NA,NA,"Drop-off",NA,"Drop-off",NA,"None","Both","Neither","Neither","Neither","Yes",NA,"Yes",NA,NA,NA,NA,NA,NA,NA
"328","West Springfield","12500",8860,0.7088,7400.46,2150.07,NA,NA,"Curbside","Yes","Curbside","Yes","None","Both","Both","Neither","Neither","Yes",NA,NA,NA,NA,"Yes","Yes",NA,NA,NA
"330","West Tisbury","1474",623,0.422659430122117,187,146,"4",NA,"Drop-off",NA,"Drop-off",NA,"Drop-off","Both","Both","Neither","Both",NA,NA,NA,NA,"Yes","Yes","No",NA,"Yes",NA
"331","Westborough","5514",4137,0.750272034820457,5191,1463.91,"3.79",NA,"Drop-off",NA,"Drop-off",NA,"Drop-off","Recycling","Neither","Neither","Neither","Yes",NA,"Yes",NA,NA,"Yes",NA,NA,NA,NA
"332","Westfield","16143",16143,1,11328.13,3482.66,"0","0","Both","Yes","Both","Yes","None","Neither","Neither","Neither","Neither","Yes","Yes","Yes",NA,NA,NA,NA,NA,NA,NA
"333","Westford","8018",8018,1,8212,2547.25,NA,NA,"Curbside",NA,"Curbside",NA,"None","Both","Both","Neither","Neither","Yes",NA,NA,NA,NA,"Yes",NA,NA,NA,"Yes"
"334","Westhampton","692",387,0.559248554913295,275.24,149.95,NA,NA,"Drop-off",NA,"Drop-off",NA,"None","Both","Neither","Both","Neither",NA,"Yes",NA,NA,"Yes","Yes","No",NA,"Yes","Yes"
"335","Westminster","2987",2844,0.952125878808169,2795.72,1013.91,NA,NA,"None",NA,"Both",NA,"None","Both","Both","Neither","Neither","Yes",NA,NA,NA,NA,NA,NA,NA,"Yes",NA
"336","Weston","3600",1675,0.465277777777778,1455.9,983.97,"3.27","691.14","Drop-off",NA,"Drop-off",NA,"Drop-off","Both","Recycling","Neither","Neither","Yes","Yes",NA,NA,NA,NA,NA,NA,"Yes",NA
"337","Westport","7019",1950,0.277817352899273,920.33,611.8,NA,"20","Drop-off",NA,"Drop-off",NA,"None","Both","Neither","Both","Both","Yes",NA,NA,NA,NA,"Yes",NA,"Yes",NA,NA
"339","Weymouth","20562",17612,0.856531465810719,17175.31,5665,NA,"5326","Both","Yes","Both","Yes","None","Both","Both","Recycling","Neither",NA,"Yes",NA,NA,NA,NA,NA,NA,NA,NA
"340","Whately","602",460,0.764119601328904,161.2,100.79,"42",NA,"Drop-off",NA,"Drop-off",NA,"Drop-off","Both","Neither","Neither","Neither","Yes",NA,NA,NA,"Yes","Yes",NA,NA,"Yes","Yes"
"341","Whitman","5238",4639,0.885643375334097,3755.09,1447.85,NA,"1200","Curbside","Yes","Curbside","Yes","None","Both","Neither","Neither","Neither",NA,"Yes",NA,NA,NA,"Yes","No",NA,NA,"Yes"
"342","Wilbraham","5729",1655,0.28888113108745,663,1008.25,NA,"351","Drop-off",NA,"Drop-off",NA,"None","Both","Neither","Neither","Both",NA,NA,"Yes",NA,"Yes",NA,NA,NA,NA,NA
"343","Williamsburg","1137",866,0.761653474054529,571.35,266.7,NA,NA,"Drop-off",NA,"Drop-off",NA,"None","Both","Neither","Both","Neither",NA,"Yes",NA,NA,NA,"Yes","No",NA,NA,"Yes"
"344","Williamstown","2252",1133,0.503108348134991,434.27,150086.28,NA,"10.8","Drop-off",NA,"Drop-off",NA,"None","Both","Neither","Recycling","Neither","Yes",NA,"Yes","Yes","Yes","Yes",NA,"Yes",NA,"Yes"
"345","Wilmington","7378",7378,1,7385,2725.1,NA,"826","Curbside","Yes","Curbside","Yes","None","Both","Both","Neither","Neither","Yes",NA,NA,NA,NA,"Yes","No",NA,NA,"Yes"
"346","Winchendon","4435",934,0.210597519729425,614.2,568.04,NA,NA,"Drop-off",NA,"Drop-off",NA,"None","Both","Neither","Both","Both",NA,"Yes",NA,NA,"Yes",NA,NA,NA,NA,NA
"347","Winchester","7869",5082,0.645825390773923,5867,2548.9,"17","140.4","Drop-off",NA,"Drop-off",NA,"Drop-off","Both","Both","Both","Neither",NA,NA,"Yes",NA,NA,NA,NA,NA,"Yes","Yes"
"348","Windsor","400",392,0.98,172.69,76.71,NA,NA,"Drop-off",NA,"Drop-off",NA,"None","Both","Neither","Both","Neither","Yes",NA,"Yes",NA,"Yes","Yes","No",NA,"Yes","Yes"
"350","Woburn","12076",11378,0.942199403776085,14341.73,2238.7,NA,NA,"Curbside",NA,"Curbside",NA,"None","Both","Both","Neither","Neither","Yes",NA,NA,NA,NA,NA,NA,NA,NA,NA
"351","Worcester","67000",53000,0.791044776119403,25321,11381.86,NA,"5322.51","Curbside",NA,"Both",NA,"None","Both","Neither","Recycling","Neither","Yes",NA,NA,NA,"Yes","Yes","Yes",NA,NA,"Yes"
"352","Worthington","532",383,0.719924812030075,274.82,122.97,NA,NA,"Drop-off",NA,"Drop-off",NA,"None","Both","Neither","Both","Neither",NA,"Yes",NA,NA,"Yes","Yes","No",NA,NA,"Yes"
"353","Wrentham","4300",4081,0.94906976744186,3133.05,1475.8,NA,"81","Curbside","Yes","Curbside","Yes","None","Both","Both","Neither","Neither","Yes",NA,NA,NA,"Yes","Yes",NA,NA,NA,NA
"354","Yarmouth","15388",9495,0.6170392513647,9301,15489.47,"0","162","Drop-off",NA,"Drop-off",NA,"None","Both","Neither","Neither","Trash",NA,NA,"Yes","Yes",NA,NA,NA,NA,NA,NA
