"","Municipality","Households","Households w/ Trash and Recycling","% of Households Served by Municipality","Trash Tonnage","Recycling Tonnage","Food Waste","Yard Waste","E-Waste","C&D","Trash Service Type","Provide Trash Bins","Recycling Service Type","Recycling Collection Frequency","RecyclingBins","Food Waste Service Type","Municipal Buildings Trash and Recycling Service","School Trash and Recycling Service","Business Trash and Recycling Service","Non-resident Trash and Recycling Service","Property Tax","Annual Fee","Transfer Station Access Fee","Per-Visit Fee","PAYT/SMART","Enforced Mandatory Recycling","Dedicated Mandatory Recycling Enforcement Personnel","Compost Bin Distribution Program","diversion"
"3","Abington","6669",5222,0.783025940920678,4151.18,1603.84,NA,"35.1","13.26","0","Curbside","Yes","Curbside","Weekly","Yes","None","Both","Both","Neither","Neither","Yes",NA,NA,NA,"No","Yes","Yes","Yes",0.27868539118891
"4","Acton","9823",3815,0.388374223760562,2246.25,1389.01,"77.2","300","1802.94",NA,"Drop-off",NA,"Drop-off",NA,"No","Drop-off","Both","Neither","Neither","Both",NA,NA,"Yes","Yes","Yes","Yes","No","Yes",0.382093715442637
"5","Acushnet","3799",3799,1,3726.67,1062.93,NA,"0","4.6900000000000004",NA,"Curbside","Yes","Both","Bi-weekly","Yes","None","Both","Both","Neither","Neither","Yes",NA,NA,NA,"No",NA,NA,NA,0.221924586604309
"6","Adams","3867",601,0.155417636410654,160.16,184.84,NA,"10.8","12250",NA,"Drop-off",NA,"Drop-off",NA,"No","None","Both","Neither","Both","Neither","Yes",NA,"Yes",NA,"Yes","Yes","No","Yes",0.535768115942029
"7","Agawam","13031",8894,0.68252628347786,7259.81,2409.46,NA,"2233","17.440000000000001",NA,"Curbside","Yes","Curbside","Bi-weekly","Yes","None","Both","Both","Neither","Neither","Yes",NA,NA,NA,"No","Yes",NA,"Yes",0.249187374020996
"9","Amesbury","5846",5646,0.96578857338351,5355.95,1808.55,NA,NA,NA,NA,"Curbside",NA,"Curbside","Bi-weekly","Yes","None","Both","Both","Both","Neither","Yes",NA,NA,NA,"No","Yes",NA,NA,0.252432130644148
"10","Amherst","9162",2340,0.255402750491159,1212.19,487.41,"23","143","7.8",NA,"Drop-off",NA,"Drop-off",NA,"No","Drop-off","Both","Both","Both","Both",NA,NA,"Yes",NA,"Yes","Yes",NA,"Yes",0.286779242174629
"11","Andover","10900",9004,0.82605504587156,10700,3355,"137","830","12.25",NA,"Curbside",NA,"Curbside","Bi-weekly","No","None","Both","Both","Neither","Neither","Yes",NA,NA,NA,"No",NA,NA,NA,0.238705087157595
"12","Aquinnah","345",230,0.666666666666667,96,57,"0.23",NA,NA,NA,"Drop-off",NA,"Drop-off",NA,"No","Drop-off","Both","Both","Both","Both","Yes",NA,NA,NA,"Yes","Yes","No","Yes",0.372549019607843
"13","Arlington","20311",20311,1,12510,5352.37,"70.3","3620","47.9",NA,"Curbside",NA,"Curbside","Weekly","No","Drop-off","Both","Both","Both","Neither","Yes",NA,NA,NA,"No","Yes","No","Yes",0.299645007913284
"15","Ashby","1145",230,0.200873362445415,109.48,87.44,NA,"1.1299999999999999","5.32",NA,"Drop-off",NA,"Drop-off",NA,"No","None","Both","Neither","Both","Neither",NA,NA,NA,NA,"Yes",NA,NA,"Yes",0.444038188096689
"16","Ashfield","717",462,0.644351464435146,377.14,203.04,NA,NA,"6.72",NA,"Drop-off",NA,"Drop-off",NA,"No","None","Both","Recycling","Both","Both",NA,"Yes",NA,NA,"No","Yes","No","Yes",0.349960357130546
"17","Ashland","6320",5950,0.941455696202532,3153.12,1973.89,NA,"360.51","23.32",NA,"Curbside",NA,"Curbside","Weekly","Yes","None","Both","Both","Neither","Neither",NA,"Yes",NA,NA,"Yes",NA,NA,NA,0.38499827384772
"18","Athol","4696",1108,0.235945485519591,503.4,436.73,NA,"1.19","26.7","114","Drop-off",NA,"Drop-off",NA,"No","None","Recycling","Neither","Both","Both",NA,NA,"Yes","Yes","Yes",NA,NA,NA,0.464542137789455
"19","Attleboro","15007",14378,0.958086226427667,10418.85,4443.65,NA,"1420","76.680000000000007",NA,"Curbside","Yes","Curbside","Weekly","Yes","None","Both","Both","Neither","Neither",NA,"Yes",NA,NA,"No","Yes","Yes","Yes",0.298984020185029
"20","Auburn","7542",5157,0.683770883054893,4554,1529,NA,NA,"104",NA,"Curbside","Yes","Curbside","Bi-weekly","Yes","None","Both","Both","Neither","Neither",NA,"Yes",NA,NA,"No","Yes","Yes","Yes",0.251356238698011
"22","Ayer","3282",1290,0.393053016453382,738.5,561.87,"12.38","75","9.9",NA,"Drop-off",NA,"Drop-off",NA,"No","Drop-off","Both","Neither","Neither","Neither","Yes",NA,"Yes","Yes","Yes",NA,NA,"Yes",0.432084714350531
"23","Barnstable","25517",9053,0.354783085785947,9657,2993.28,"15.36","405","53.67","3645","Drop-off",NA,"Drop-off",NA,"No","Drop-off","Both","Neither","Neither","Neither",NA,"Yes",NA,"Yes","No",NA,NA,NA,0.236617687513636
"24","Barre","2477",900,0.363342753330642,752.14,344.78,NA,NA,NA,NA,"Drop-off",NA,"Drop-off",NA,"No","Drop-off","Recycling","Neither","Both","Neither",NA,NA,NA,NA,"Yes",NA,NA,"Yes",0.314316449695511
"25","Becket","1941",1941,1,601.82,167.51,NA,NA,"12.8","251","Drop-off",NA,"Drop-off",NA,"No","None","Both","Neither","Both","Both","Yes",NA,"Yes",NA,"Yes",NA,NA,NA,0.217734912196327
"26","Bedford","5033",4443,0.882773693622094,3911.75,1678.2,"60","520.11","32.130000000000003","15","Curbside","Yes","Curbside","Weekly","Yes","None","Both","Both","Neither","Neither",NA,NA,NA,NA,"Yes",NA,NA,"Yes",0.300217354359162
"27","Belchertown","7451",1847,0.247886189773185,1541,1289.22,NA,"726","26.18",NA,"Drop-off",NA,"Drop-off",NA,"No","None","Recycling","Neither","Neither","Neither",NA,"Yes","Yes","Yes","Yes","Yes","Yes",NA,0.455519358919095
"29","Belmont","9810",9810,1,6416,3026.78,NA,"160.15",NA,NA,"Curbside","Yes","Curbside","Bi-weekly","Yes","None","Both","Both","Neither","Neither","Yes",NA,NA,NA,"No","Yes","No","Yes",0.320539078534076
"30","Berkley","2870",1155,0.402439024390244,704.32,298.81,NA,NA,"68.16","110","Drop-off",NA,"Drop-off",NA,"No","Drop-off","Both","Neither","Neither","Neither","Yes","Yes",NA,NA,"No","Yes","No",NA,0.29787764297748
"31","Berlin","1470",720,0.489795918367347,659,237,NA,NA,NA,NA,"Drop-off",NA,"Drop-off",NA,"No","None","Trash","Neither","Neither","Neither","Yes","Yes",NA,NA,"No","Yes","No","Yes",0.264508928571429
"32","Bernardston","801",650,0.811485642946317,417.22,211.85,"52",NA,"5.0599999999999996",NA,"Drop-off",NA,"Drop-off",NA,"No","Drop-off","Both","Neither","Neither","Both","Yes",NA,NA,NA,"Yes","Yes",NA,"Yes",0.336766973468771
"33","Beverly","14000",12625,0.901785714285714,12612.2,3208.05,"347.73","1000","8.5",NA,"Curbside","Yes","Curbside","Weekly","No","None","Both","Both","Both","Neither","Yes","Yes",NA,NA,"Yes","Yes",NA,NA,0.202781245555538
"34","Billerica","15243",13603,0.892409630650134,13363,4696,NA,"955","39",NA,"Curbside","Yes","Curbside","Weekly","Yes","None","Both","Both","Neither","Neither","Yes",NA,NA,NA,"No","Yes","No","Yes",0.260036546874135
"35","Blackstone","3573",3573,1,2438.24,248.28,NA,"54","0.02","12","Curbside",NA,"Both","Bi-weekly","No","None","Both","Both","Neither","Recycling","Yes",NA,NA,NA,"No","Yes","Yes",NA,0.0924169557643345
"37","Bolton","2146",2146,1,700.27,556.94,NA,NA,"19.09",NA,"Drop-off",NA,"Drop-off",NA,"No","None","Both","Both","Both","Neither","Yes",NA,NA,NA,"Yes",NA,NA,NA,0.442996794489385
"38","Boston","322000",272500,0.846273291925466,199250,44933,NA,"1150.79","275","0","Curbside",NA,"Curbside","Weekly","Yes","Drop-off","Recycling","Recycling","Neither","Neither","Yes",NA,NA,NA,"No",NA,NA,NA,0.18401362912242
"39","Bourne","8149",8149,1,7348.34,8790.83,NA,"3667.4","69.709999999999994",NA,"Both","Yes","Both","Weekly","Yes","None","Both","Both","Recycling","Both",NA,NA,"Yes",NA,"No","Yes","No","Yes",0.544689101112387
"40","Boxborough","2020",933,0.461881188118812,733.9,590.82,NA,NA,"13.2",NA,"Drop-off",NA,"Drop-off",NA,"No","None","Both","Neither","Neither","Neither","Yes",NA,"Yes",NA,"No",NA,NA,NA,0.445996135032309
"41","Boxford","2760",2597,0.940942028985507,2008,1282,NA,NA,NA,NA,"Curbside",NA,"Both","Weekly","No","None","Both","Both","Recycling","Recycling","Yes",NA,NA,NA,"Yes","Yes",NA,NA,0.389665653495441
"43","Braintree","12300",10373,0.843333333333333,12435.67,3334.5,NA,"4400","1.95",NA,"Both","Yes","Both","Weekly","Yes","None","Both","Both","Neither","Neither","Yes","Yes",NA,NA,"No","Yes",NA,"Yes",0.211443503779604
"44","Brewster","7133",3729,0.522781438384971,1576,884.98,"4.71","270","11.98","402","Drop-off",NA,"Drop-off",NA,"No","Drop-off","Both","Neither","Neither","Both","Yes","Yes",NA,"Yes","Yes",NA,NA,"Yes",0.359604710318654
"47","Brockton","28225",26368,0.934207263064659,27962,8759.58,"0","5812","58.15","0","Curbside","Yes","Both","Bi-weekly","Yes","None","Both","Recycling","Neither","Neither",NA,"Yes",NA,NA,"Yes",NA,NA,"Yes",0.238540389601972
"48","Brookfield","949",600,0.632244467860906,530.99,151,NA,NA,"3",NA,"Drop-off",NA,"Drop-off",NA,"No","Drop-off","Both","Neither","Neither","Neither","Yes","Yes","Yes","Yes","No","Yes",NA,NA,0.221410871127143
"49","Brookline","24436",14547,0.595310198068424,8584,4882.31,"259.49","3293.33","30.5",NA,"Curbside","Yes","Curbside","Weekly","Yes","None","Both","Both","Both","Neither",NA,NA,NA,NA,"Yes","Yes","Yes","Yes",0.362557374663141
"50","Buckland","682",620,0.909090909090909,243.04,151.5,NA,NA,NA,NA,"Drop-off",NA,"Drop-off",NA,"No","None","Both","Neither","Neither","Neither","Yes",NA,NA,NA,"Yes","Yes",NA,"Yes",0.383991483753232
"51","Burlington","7250",7055,0.973103448275862,5756.29,2285.93,NA,NA,NA,NA,"Curbside","Yes","Curbside","Weekly","Yes","None","Both","Both","Neither","Neither","Yes",NA,NA,NA,"No","Yes","No","Yes",0.284241167239891
"52","Cambridge","50000",32500,0.65,15071,9067.87,"380.71","2014","64.39",NA,"Curbside",NA,"Curbside","Weekly","Yes","Curbside","Both","Both","Recycling","Neither","Yes",NA,NA,NA,"No","Yes","Yes",NA,0.375654287048234
"53","Canton","7477",7459,0.997592617359904,7095.4,1939,NA,NA,NA,NA,"Curbside","Yes","Curbside","Bi-weekly","Yes","None","Both","Both","Neither","Neither","Yes",NA,NA,NA,"No",NA,NA,NA,0.214624103426902
"54","Carlisle","1800",1600,0.888888888888889,1934.11,750.99,"0","0","0","226","Drop-off",NA,"Drop-off",NA,"No","Drop-off","Both","Both","Both","Neither","Yes",NA,"Yes",NA,"No","Yes","No","Yes",0.279687907340509
"56","Charlemont","473",440,0.930232558139535,171.15,77.68,NA,NA,NA,NA,"Drop-off",NA,"Drop-off",NA,"No","None","Both","Neither","Neither","Neither","Yes",NA,NA,NA,"Yes","Yes",NA,"Yes",0.31218100711329
"57","Charlton","4964",0,0,295,65.18,NA,NA,NA,NA,"Drop-off",NA,"Drop-off",NA,"No","None","Both","Neither","Neither","Neither","Yes",NA,NA,NA,"No",NA,NA,NA,0.180965073019046
"58","Chatham","5873",3160,0.53805550825813,4687,1659.66,NA,NA,"18.05","1052","Drop-off",NA,"Drop-off",NA,"No","Drop-off","Both","Both","Both","Both","Yes","Yes",NA,"Yes","No","Yes","No","Yes",0.261501325106434
"59","Chelmsford","13564",12697,0.936080802123267,11160.04,3488.7,NA,NA,NA,NA,"Curbside",NA,"Curbside","Bi-weekly","No","None","Both","Both","Neither","Neither","Yes",NA,NA,NA,"Yes",NA,NA,"Yes",0.238157001899139
"61","Cheshire","1358",835,0.614874815905744,639.24,159.65,NA,"10.8","9.3000000000000007",NA,"Drop-off",NA,"Drop-off",NA,"No","None","Both","Neither","Neither","Neither","Yes",NA,"Yes",NA,"Yes","Yes",NA,"Yes",0.199839777691547
"62","Chester","699",240,0.343347639484979,206.27,54.19,NA,NA,"7.13","33","Drop-off",NA,"Drop-off",NA,"No","None","Both","Neither","Both","Neither",NA,"Yes",NA,NA,"Yes","Yes","Yes",NA,0.208054979651386
"63","Chesterfield","555",226,0.407207207207207,158.94,63.33,NA,NA,"1.5",NA,"Drop-off",NA,"Drop-off",NA,"No","None","Both","Neither","Both","Neither",NA,"Yes",NA,NA,"Yes","Yes","No","Yes",0.2849237413956
"64","Chicopee","24300",18902,0.777860082304527,11856.73,4936.45,NA,"6051.7","7.06",NA,"Curbside","Yes","Both","Bi-weekly","Yes","None","Both","Neither","Neither","Neither","Yes",NA,NA,NA,"Yes","Yes","Yes",NA,0.293955641516377
"65","Chilmark","886",300,0.338600451467269,83,57,"1",NA,NA,NA,"Drop-off",NA,"Drop-off",NA,"No","Drop-off","Both","Both","Neither","Both",NA,NA,NA,NA,"Yes","Yes","No",NA,0.407142857142857
"66","Clarksburg","720",0,0,2.65,2.88,NA,NA,"2.27",NA,"None",NA,"None",NA,"No","None","Neither","Neither","Neither","Neither",NA,NA,NA,NA,"No",NA,NA,"Yes",0.520795660036166
"67","Clinton","4512",4256,0.943262411347518,2442.04,1111.37,NA,"27","10.86",NA,"Curbside",NA,"Both","Bi-weekly","Yes","None","Both","Both","Recycling","Recycling","Yes","Yes",NA,NA,"Yes","Yes","No",NA,0.312761544544536
"68","Cohasset","3433",3157,0.919603845033498,1438.81,867.45,NA,NA,"12.18","154","Drop-off",NA,"Drop-off",NA,"No","None","Both","Recycling","Both","Neither","Yes","Yes",NA,NA,"Yes","Yes",NA,"Yes",0.376128450391543
"69","Colrain","675",645,0.955555555555556,285.29,153.13,NA,NA,"1.53",NA,"Drop-off",NA,"Drop-off",NA,"No","None","Both","Neither","Neither","Neither","Yes",NA,NA,NA,"Yes","Yes",NA,"Yes",0.349276949044295
"70","Concord","5500",3504,0.637090909090909,2642.74,1858.73,NA,"3365.4","9.52","7","Curbside",NA,"Curbside","Weekly","No","None","Both","Both","Recycling","Neither",NA,"Yes",NA,NA,"Yes",NA,NA,"Yes",0.412916225144231
"71","Conway","669",648,0.968609865470852,550.09,264.79,"42",NA,"3.12",NA,"Drop-off",NA,"Drop-off",NA,"No","Drop-off","Both","Neither","Neither","Neither","Yes",NA,"Yes",NA,"No","Yes",NA,"Yes",0.324943549970548
"72","Cummington","426",295,0.692488262910798,190.27,83.52,NA,NA,"3.46",NA,"Drop-off",NA,"Drop-off",NA,"No","None","Both","Neither","Both","Neither",NA,"Yes",NA,NA,"Yes","Yes","No","Yes",0.305051316702582
"73","Dalton","2552",665,0.260579937304075,440,243.85,NA,"0",NA,NA,"Drop-off",NA,"Drop-off",NA,"No","None","Both","Both","Neither","Neither","Yes",NA,"Yes",NA,"Yes","Yes",NA,NA,0.356584046208964
"74","Danvers","15672",7738,0.493746809596733,6749.4,2645.33,NA,NA,NA,NA,"Both",NA,"Both","Weekly","No","None","Both","Both","Neither","Neither","Yes",NA,NA,NA,"No","Yes",NA,"Yes",0.281575947366236
"75","Dartmouth","11563",10125,0.875637810256854,5986.79,3247.99,NA,"1324.34","39.450000000000003","613","Both",NA,"Both","Weekly","Yes","None","Recycling","Recycling","Recycling","Neither",NA,"Yes","Yes","Yes","Yes","Yes","No","Yes",0.351712764137316
"76","Dedham","8700",8700,1,6840.28,2765.51,NA,NA,NA,NA,"Curbside","Yes","Curbside","Bi-weekly","Yes","None","Both","Both","Neither","Neither","Yes",NA,NA,NA,"No",NA,NA,NA,0.287900318453766
"77","Deerfield","1762",1294,0.734392735527809,620.3,356.1,"83","50",NA,NA,"Drop-off",NA,"Drop-off",NA,"No","Drop-off","Both","Neither","Neither","Neither","Yes",NA,"Yes",NA,"Yes","Yes",NA,"Yes",0.36470708725932
"78","Dennis","14347",7004,0.488185683418136,4253,2216,"10","2907","29","964","Drop-off",NA,"Drop-off",NA,"No","Drop-off","Recycling","Neither","Recycling","Both",NA,"Yes",NA,"Yes","No",NA,NA,"Yes",0.342556809398671
"79","Devens","171",0,0,43.93,88.42,NA,"16.88","1.55",NA,"None",NA,"Drop-off",NA,"No","None","Both","Both","Recycling","Recycling","Yes",NA,NA,NA,"No","Yes",NA,"Yes",0.668077068379297
"80","Dighton","2885",2785,0.965337954939341,2050.45,1070.24,NA,"5.4","7.5",NA,"Curbside",NA,"Curbside","Weekly","No","None","Both","Neither","Neither","Neither","Yes",NA,"Yes",NA,"Yes",NA,NA,NA,0.342949796359138
"81","Douglas","3173",1320,0.416010085092972,1313,357.62,NA,NA,"13",NA,"Drop-off",NA,"Drop-off",NA,"No","None","Both","Neither","Neither","Neither",NA,NA,"Yes",NA,"No",NA,NA,"Yes",0.214064239623613
"82","Dover","2150",2150,1,1304.5,720.9,"39.700000000000003",NA,"16.5",NA,"Drop-off",NA,"Drop-off",NA,"No","Drop-off","Neither","Neither","Neither","Neither","Yes",NA,NA,NA,"No",NA,NA,"Yes",0.355929692900168
"83","Dracut","12213",10619,0.869483337427332,10522,3183.25,NA,"1010","4.8600000000000003",NA,"Curbside","Yes","Both","Bi-weekly","Yes","None","Both","Both","Neither","Neither","Yes",NA,NA,NA,"No",NA,NA,"Yes",0.232265007934915
"84","Dudley","3659",790,0.215905985241869,662,170,NA,NA,NA,NA,"Drop-off",NA,"Drop-off",NA,"No","None","Both","Both","Neither","Neither",NA,"Yes","Yes",NA,"No",NA,NA,NA,0.204326923076923
"85","Dunstable","1124",313,0.27846975088968,163.66,117.63,NA,NA,NA,NA,"Curbside","Yes","Curbside","Weekly","Yes","None","Both","Neither","Neither","Neither","Yes","Yes",NA,NA,"No",NA,NA,NA,0.418180525436382
"86","Duxbury","6632",5998,0.904402895054282,2707,1947.96,NA,"3000","24.43","1058","Drop-off",NA,"Drop-off",NA,"No","None","Both","Neither","Both","Neither","Yes","Yes",NA,NA,"Yes","Yes","No",NA,0.418469761286885
"87","East Bridgewater","4300",2800,0.651162790697674,3024,1654.9,NA,"307.8","53",NA,"Both","Yes","Both","Bi-weekly","Yes","None","Both","Both","Neither","Neither",NA,"Yes",NA,NA,"Yes",NA,NA,"Yes",0.353694244373678
"88","East Brookfield","974",940,0.965092402464066,645.68,106.22,NA,NA,NA,NA,"Curbside",NA,"Curbside","Bi-weekly","No","None","Both","Both","Both","Neither",NA,"Yes",NA,NA,"Yes",NA,NA,NA,0.141268785742785
"89","East Longmeadow","5680",5680,1,4471.35,234289.74,NA,"4644.49","20.23",NA,"Curbside","Yes","Curbside","Weekly","No","None","Both","Both","Neither","Neither","Yes",NA,NA,NA,"Yes","Yes","Yes","Yes",0.981272702348611
"90","Eastham","5676",3776,0.665257223396758,4164.18,1031.93,NA,"391.74","20.329999999999998","568","Drop-off",NA,"Drop-off",NA,"No","None","Both","Both","Both","Both","Yes","Yes",NA,"Yes","No",NA,NA,"Yes",0.198596642488323
"93","Edgartown","3508",1754,0.5,955,1036,"6","200","14",NA,"Drop-off",NA,"Drop-off",NA,"No","Drop-off","Both","Both","Neither","Both",NA,NA,NA,NA,"Yes",NA,NA,NA,0.520341536916123
"94","Egremont","875",875,1,511,346.09,"0.5","0.18","0.25","65","Drop-off",NA,"Drop-off",NA,"No","Drop-off","Both","Neither","Both","Neither","Yes",NA,NA,NA,"No","Yes","No","Yes",0.403796567454993
"95","Erving","586",586,1,446.71,111.52,NA,NA,"1.46",NA,"Curbside",NA,"Curbside","Weekly","No","None","Both","Both","Neither","Neither","Yes",NA,NA,NA,"No","Yes",NA,"Yes",0.199774286584383
"97","Everett","15591",15000,0.962093515489706,16492.1,3003.79,NA,NA,NA,NA,"Curbside","Yes","Curbside","Weekly","Yes","None","Both","Both","Both","Neither","Yes",NA,NA,NA,"No","Yes","Yes",NA,0.154072986665395
"98","Fairhaven","6721",6513,0.969052224371373,5604,1603.85,NA,"525","9.34","37","Curbside","Yes","Both","Bi-weekly","Yes","None","Both","Both","Neither","Neither","Yes",NA,"Yes",NA,"No",NA,NA,NA,0.222514342002123
"99","Fall River","36724",31352,0.853719638383618,29133.35,9883.47,NA,"3969","94.02",NA,"Both","Yes","Curbside","Weekly","Yes","None","Both","Both","Neither","Neither","Yes",NA,NA,NA,"No",NA,NA,"Yes",0.2533130583169
"100","Falmouth","21000",21000,1,13031.79,3535.85,NA,NA,NA,NA,"Both",NA,"Curbside","Bi-weekly","No","None","Both","Both","Neither","Neither","Yes",NA,NA,NA,"No",NA,NA,NA,0.213419050631231
"101","Fitchburg","17012",13500,0.793557488831413,13510.02,3368.86,NA,"460.36",NA,NA,"Both","Yes","Both","Bi-weekly","Yes","None","Both","Both","Neither","Neither","Yes",NA,NA,NA,"No","Yes","Yes",NA,0.199590257173462
"102","Florida","350",191,0.545714285714286,345.45,58.9,NA,"9.4499999999999993","2.77",NA,"Drop-off",NA,"Drop-off",NA,"No","None","Both","Both","Both","Neither","Yes",NA,"Yes",NA,"No","Yes",NA,"Yes",0.145665883516755
"104","Framingham","26194",18355,0.70073299228831,19047,6703.94,NA,"183.98","47.58",NA,"Both","Yes","Both","Weekly","Yes","None","Both","Both","Recycling","Neither","Yes",NA,NA,NA,"No",NA,NA,"Yes",0.260337680876892
"105","Franklin","10010",9405,0.93956043956044,7867.28,4249.88,NA,"243","34.79",NA,"Curbside","Yes","Both","Weekly","Yes","None","Both","Both","Both","Neither",NA,"Yes",NA,NA,"No","Yes","No",NA,0.350732349824546
"106","Freetown","4261",2349,0.551279042478292,1879.46,724.89,NA,NA,NA,NA,"Curbside",NA,"Curbside","Weekly","No","None","Both","Both","Neither","Neither","Yes",NA,NA,NA,"Yes",NA,NA,NA,0.278338164993184
"107","Gardner","8228",6617,0.804205153135634,4946.13,1509.72,NA,NA,"5.61",NA,"Both","Yes","Both","Bi-weekly","Yes","None","Both","Both","Recycling","Neither",NA,"Yes","Yes",NA,"No",NA,NA,"Yes",0.233853017031065
"109","Gill","513",513,1,196.72,121.69,NA,NA,NA,NA,"Curbside",NA,"Curbside","Weekly","No","None","Both","Both","Neither","Neither","Yes",NA,NA,NA,"Yes","Yes",NA,"Yes",0.382180207908043
"110","Gloucester","13825",12850,0.929475587703436,7112.63,3461.06,"135.19999999999999","600",NA,NA,"Curbside",NA,"Curbside","Weekly","No","None","Both","Both","Neither","Neither","Yes",NA,NA,NA,"Yes","Yes","No",NA,0.327327546012792
"111","Goshen","561",250,0.445632798573975,133.76,65.65,NA,NA,"0.95",NA,"Drop-off",NA,"Drop-off",NA,"No","None","Both","Neither","Both","Neither",NA,"Yes",NA,NA,"Yes","Yes","No","Yes",0.329221202547515
"113","Grafton","6476",5154,0.7958616429895,3901.97,2436.25,NA,NA,NA,NA,"Curbside",NA,"Curbside","Bi-weekly","Yes","None","Both","Both","Neither","Neither","Yes",NA,NA,NA,"Yes",NA,NA,NA,0.384374477376929
"114","Granby","3079",3079,1,2024.3,531.27,NA,"9.99",NA,NA,"Curbside",NA,"Curbside","Weekly","No","None","Both","Both","Recycling","Neither","Yes",NA,NA,NA,"Yes",NA,NA,NA,0.207887085855602
"115","Granville","562",450,0.800711743772242,171.1,101.9,NA,NA,"6.16",NA,"Drop-off",NA,"Drop-off",NA,"No","None","Both","Both","Both","Neither","Yes",NA,NA,NA,"Yes",NA,NA,NA,0.373260073260073
"117","Greenfield","5604",5059,0.902748037116345,3960,1869.73,NA,"31.91","12.54","125","Both",NA,"Both","Bi-weekly","No","Drop-off","Both","Recycling","Neither","Neither","Yes",NA,"Yes",NA,"Yes","Yes",NA,"Yes",0.320723258195491
"118","Groton","3917",1508,0.384988511616033,1018.5,599.23,"2.25","2.4300000000000002","21.79","246","Drop-off",NA,"Drop-off",NA,"No","Drop-off","Both","Recycling","Both","Recycling","Yes",NA,"Yes",NA,"Yes",NA,NA,"Yes",0.370414098768027
"120","Hadley","2208",550,0.249094202898551,275.7,184.2,NA,NA,NA,NA,"Drop-off",NA,"Drop-off",NA,"No","None","Neither","Neither","Neither","Neither",NA,NA,"Yes",NA,"Yes",NA,NA,NA,0.400521852576647
"121","Halifax","3600",2723,0.756388888888889,663.37,363.07,NA,NA,"12.68",NA,"Curbside",NA,"Both","Bi-weekly","No","None","Both","Both","Neither","Neither",NA,NA,NA,NA,"Yes","Yes","Yes","Yes",0.353717703908655
"122","Hamilton","2655",2655,1,1678.79,1214.01,"286.49",NA,"7.59",NA,"Curbside","Yes","Curbside","Weekly","No","Curbside","Both","Neither","Both","Neither","Yes",NA,NA,NA,"Yes",NA,NA,NA,0.419666067477876
"124","Hancock","315",250,0.793650793650794,281.09,80.05,NA,"5.4","7.25",NA,"Drop-off",NA,"Drop-off",NA,"No","None","Both","Both","Both","Neither","Yes",NA,"Yes",NA,"No","Yes",NA,"Yes",0.221659190341696
"125","Hanover","5000",5000,1,5374.38,1133.01,NA,"1500","29.1","388","Drop-off",NA,"Drop-off",NA,"No","None","Both","Both","Neither","Neither","Yes",NA,NA,NA,"No","Yes",NA,NA,0.174111279637458
"126","Hanson","3815",2000,0.524246395806029,748,593.92,NA,"1000",NA,NA,"Drop-off",NA,"Drop-off",NA,"No","None","Neither","Neither","Neither","Neither","Yes","Yes",NA,NA,"Yes","Yes","No","Yes",0.442589722189102
"128","Harvard","1966",1250,0.635808748728383,864.84,541.23,NA,NA,"1.84","61","Drop-off",NA,"Drop-off",NA,"No","None","Both","Recycling","Neither","Neither",NA,NA,"Yes",NA,"Yes","Yes","No",NA,0.384923936930594
"129","Harwich","10255",5550,0.541199414919551,5158,1457.5,NA,"1195","59","11913","Drop-off",NA,"Drop-off",NA,"No","None","Both","Both","Both","Both",NA,"Yes","Yes",NA,"No",NA,NA,NA,0.220315924722243
"131","Haverhill","21300",20928,0.982535211267606,22104,8450.68,"0","540","42.5","0","Curbside","Yes","Both","Bi-weekly","No","None","Both","Both","Both","Neither","Yes",NA,NA,NA,"No","Yes","Yes","Yes",0.276575634239992
"132","Hawley","166",0,0,0,0,NA,NA,NA,NA,"None",NA,"None",NA,"No","None","Neither","Neither","Neither","Neither",NA,NA,NA,NA,"No",NA,NA,NA,NA
"133","Heath","381",327,0.858267716535433,137.64,90.72,NA,NA,NA,NA,"Drop-off",NA,"Drop-off",NA,"No","None","Both","Neither","Neither","Neither","Yes",NA,"Yes",NA,"Yes","Yes",NA,"Yes",0.397267472411981
"134","Hingham","7555",7555,1,6803.8,2187.33,NA,"3453.25","42","965","Drop-off",NA,"Drop-off",NA,"No","None","Both","Both","Both","Neither","Yes",NA,NA,NA,"No","Yes","No",NA,0.243276429102905
"135","Hinsdale","743",619,0.833109017496635,409.65,102.33,NA,NA,"8.67",NA,"Drop-off",NA,"Drop-off",NA,"No","None","Both","Neither","Recycling","Neither","Yes",NA,"Yes",NA,"Yes","Yes",NA,"Yes",0.199871088714403
"137","Holden","7621",5980,0.784673927306128,4629.87,2116.37,NA,NA,"27.68",NA,"Curbside","Yes","Curbside","Bi-weekly","Yes","Curbside","Both","Neither","Neither","Neither","Yes",NA,NA,NA,"No",NA,NA,NA,0.313711044967271
"139","Holliston","5197",4834,0.930152010775447,3532,1988.63,NA,"64","14","36","Curbside","Yes","Curbside","Weekly","Yes","None","Both","Both","Neither","Neither","Yes",NA,NA,NA,"Yes",NA,NA,"Yes",0.360217946140205
"140","Holyoke","16200",9950,0.614197530864197,7807,948,NA,NA,NA,NA,"Both",NA,"Both","Bi-weekly","No","None","Both","Recycling","Recycling","Neither","Yes",NA,NA,NA,"No","Yes","Yes",NA,0.108280982295831
"144","Hudson","6969",1710,0.245372363323289,911.43,946.37,NA,"193.86","4.8",NA,"Drop-off",NA,"Drop-off",NA,"No","Drop-off","Both","Both","Neither","Neither",NA,NA,"Yes",NA,"No",NA,NA,NA,0.50940359565077
"145","Hull","10400",0,0,0,13,"0","0","0","0","None",NA,"None",NA,"No","None","Neither","Neither","Neither","Neither",NA,NA,NA,NA,"No",NA,NA,NA,1
"146","Huntington","955",462,0.483769633507853,402.92,146,NA,NA,"7",NA,"Drop-off",NA,"Drop-off",NA,"No","None","Both","Neither","Both","Neither",NA,"Yes",NA,NA,"Yes","Yes","No","Yes",0.265976827224368
"147","Ipswich","6401",5067,0.791595063271364,3120.75,1935.15,"287.91000000000003","356.4","14.22",NA,"Curbside",NA,"Both","Weekly","No","Curbside","Both","Both","Recycling","Neither","Yes",NA,NA,NA,"Yes","Yes",NA,NA,0.382750845546787
"148","Kingston","4751",2953,0.62155335718796,3181,1056.37,NA,"500","36.700000000000003","650","Drop-off",NA,"Drop-off",NA,"No","None","Recycling","Neither","Neither","Neither","Yes","Yes",NA,NA,"No","Yes","No","Yes",0.249298503552911
"149","Lakeville","4499",1342,0.298288508557457,988.62,325.48,NA,NA,"9.07",NA,"Drop-off",NA,"Drop-off",NA,"No","None","Neither","Neither","Neither","Neither","Yes","Yes",NA,NA,"Yes",NA,NA,NA,0.247682824746975
"151","Lanesborough","1322",0,0,3.64,51.2,NA,NA,"4524",NA,"None",NA,"Drop-off",NA,"No","None","Recycling","Neither","Neither","Neither","Yes",NA,NA,NA,"No","Yes",NA,"Yes",0.933625091174325
"152","Lawrence","30000",21723,0.7241,29650,4424,NA,NA,NA,NA,"Curbside","Yes","Curbside","Weekly","No","None","Both","Both","Neither","Neither","Yes",NA,NA,NA,"No",NA,NA,NA,0.129835064858837
"153","Lee","2265",0,0,0,0,NA,NA,NA,NA,"None",NA,"None",NA,"No","None","Neither","Neither","Neither","Neither",NA,NA,NA,NA,"No",NA,NA,NA,NA
"154","Leicester","3603",0,0,0,158.45,NA,"60","104.8","0","None",NA,"Drop-off",NA,"No","None","Neither","Neither","Neither","Neither",NA,"Yes",NA,NA,"No",NA,NA,NA,1
"156","Leominster","14941",11546,0.772772906766615,10254,3265,NA,"0","0","0","Both","Yes","Both","Weekly","Yes","None","Both","Both","Neither","Neither","Yes",NA,NA,NA,"No",NA,NA,"Yes",0.241511946149863
"157","Leverett","719",651,0.905424200278164,287.86,186.06,"42","1","2.63",NA,"Drop-off",NA,"Drop-off",NA,"No","Drop-off","Both","Neither","Neither","Neither","Yes",NA,"Yes",NA,"Yes","Yes",NA,"Yes",0.392597906819716
"158","Lexington","12463",11046,0.88630345823638,9002,6790,"687","3543","22","50","Curbside",NA,"Curbside","Weekly","No","None","Both","Both","Neither","Neither","Yes",NA,NA,NA,"No","Yes","No","Yes",0.429964539007092
"160","Lincoln","1934",1934,1,896,553.62,"42",NA,"12",NA,"Drop-off",NA,"Drop-off",NA,"No","Drop-off","Both","Neither","Neither","Neither","Yes",NA,NA,NA,"No","Yes","Yes","Yes",0.381906982519557
"161","Littleton","3102",1751,0.564474532559639,6731.79,829.8,NA,"130","4","189","Drop-off",NA,"Drop-off",NA,"No","None","Neither","Neither","Neither","Neither",NA,"Yes",NA,NA,"No",NA,NA,NA,0.109738824770981
"162","Longmeadow","5779",5534,0.957605121993425,3797.41,1858.5,NA,"319.57","24.17",NA,"Curbside","Yes","Curbside","Weekly","No","None","Both","Both","Neither","Neither","Yes",NA,"Yes",NA,"Yes","Yes",NA,"Yes",0.328594337604382
"163","Lowell","38000",25000,0.657894736842105,26191.81,6908.57,"0","261.63","28.18","0","Curbside","Yes","Curbside","Bi-weekly","Yes","None","Both","Both","Neither","Neither","Yes","Yes",NA,NA,"No","Yes","Yes","Yes",0.208715730755961
"164","Ludlow","7156",7080,0.989379541643376,5452,1577,NA,"2276","43",NA,"Both",NA,"Both","Weekly","No","None","Both","Neither","Neither","Neither","Yes",NA,NA,NA,"Yes",NA,NA,NA,0.224356238440745
"165","Lunenburg","4244",3644,0.858623939679548,1901.44,1108.82,NA,"129",NA,NA,"Curbside",NA,"Curbside","Weekly","No","None","Both","Both","Neither","Neither","Yes",NA,NA,NA,"Yes",NA,NA,"Yes",0.368346920199584
"166","Lynn","33122",27000,0.81516816617354,29113.74,7651.59,NA,"583.74","14.14","0","Curbside","Yes","Curbside","Bi-weekly","Yes","None","Both","Both","Neither","Neither","Yes","Yes",NA,NA,"Yes","Yes","Yes","Yes",0.208119714959719
"167","Lynnfield","4590",4350,0.947712418300654,4870.9,1332.44,NA,"14.58","1.47",NA,"Curbside",NA,"Curbside","Bi-weekly","No","None","Both","Both","Neither","Neither","Yes",NA,NA,NA,"No",NA,NA,"Yes",0.21479396583131
"168","Malden","25000",17100,0.684,12826.55,4286.42,NA,"1760","0",NA,"Curbside",NA,"Both","Weekly","No","None","Both","Both","Neither","Neither","Yes",NA,NA,NA,"Yes","Yes",NA,NA,0.250477853931842
"169","Manchester","2413",2413,1,1154.81,989.03,"216.88",NA,"9.6999999999999993",NA,"Both",NA,"Both","Weekly","No","Both","Both","Neither","Recycling","Neither","Yes",NA,NA,NA,"Yes","Yes",NA,NA,0.461335734010001
"170","Mansfield","7912",6831,0.863372093023256,5307,2504.1,NA,NA,"46.3",NA,"Curbside","Yes","Curbside","Weekly","Yes","None","Both","Neither","Neither","Neither","Yes",NA,NA,NA,"No","Yes",NA,"Yes",0.320582248338902
"171","Marblehead","8000",8000,1,4658.4,2943.48,"3765","1211.1099999999999","32.909999999999997",NA,"Both",NA,"Both","Weekly","No","Both","Both","Both","Recycling","Both","Yes",NA,"Yes",NA,"No","Yes","No","Yes",0.387204217903992
"172","Marion","2773",2773,1,1549.42,541.74,NA,"39.78",NA,NA,"Both","Yes","Both","Bi-weekly","Yes","None","Both","Both","Recycling","Neither","Yes",NA,"Yes",NA,"No",NA,NA,NA,0.259061956043536
"173","Marlborough","12000",12000,1,9194.21,3146.73,NA,NA,NA,NA,"Both","Yes","Both","Bi-weekly","Yes","Drop-off","Both","Both","Neither","Neither","Yes",NA,NA,NA,"No",NA,NA,NA,0.254983007777365
"174","Marshfield","9650",9524,0.986943005181347,6141,3656.63,NA,"164","38","3471","Both",NA,"Both","Weekly","Yes","None","Both","Both","Both","Neither",NA,"Yes","Yes",NA,"No",NA,NA,"Yes",0.373215767486627
"175","Mashpee","7074",4624,0.653661294882669,4052.37,1177.06,"12.45","129.6","24.95",NA,"Drop-off",NA,"Drop-off",NA,"No","Drop-off","Both","Both","Neither","Neither","Yes",NA,"Yes","Yes","No",NA,NA,"Yes",0.225083804544664
"176","Mattapoisett","3600",3600,1,2200,1621.48,NA,"108",NA,NA,"Both","Yes","Both","Bi-weekly","Yes","None","Both","Both","Neither","Neither","Yes",NA,NA,NA,"No",NA,NA,NA,0.424306813067189
"177","Maynard","4166",4166,1,2385.26,1037.99,NA,"51.84","4.74",NA,"Curbside",NA,"Curbside","Bi-weekly","Yes","None","Both","Both","Neither","Neither","Yes",NA,NA,NA,"Yes",NA,NA,"Yes",0.303217702475717
"178","Medfield","4424",3519,0.795433996383363,2915,1167.85,"26.25","1972","23",NA,"Drop-off",NA,"Drop-off",NA,"No","Drop-off","Neither","Neither","Neither","Neither","Yes","Yes",NA,NA,"No",NA,NA,"Yes",0.286037939184638
"179","Medford","21322",19500,0.914548353812963,16535,5661,"0","2289","0","0","Curbside","Yes","Curbside","Bi-weekly","Yes","None","Both","Both","Both","Neither","Yes",NA,NA,NA,"No","Yes",NA,NA,0.255045954225987
"180","Medway","4458",4176,0.936742934051144,3763.32,1822.62,NA,"459","40.6",NA,"Both",NA,"Both","Weekly","Yes","None","Both","Both","Neither","Neither",NA,"Yes",NA,NA,"Yes","Yes","No","Yes",0.32628707075264
"181","Melrose","11514",8905,0.773406287997221,7200,3212.9,"26.7","990","26.13",NA,"Curbside",NA,"Both","Weekly","No","None","Both","Both","Neither","Neither","Yes","Yes",NA,NA,"No",NA,NA,"Yes",0.308549971669756
"183","Merrimac","3178",1288,0.405286343612335,620.58,565.05,NA,"75.06",NA,NA,"Curbside",NA,"Curbside","Bi-weekly","Yes","None","Both","Neither","Neither","Neither","Yes",NA,NA,NA,"Yes",NA,NA,NA,0.476582070291744
"184","Methuen","17907",14221,0.794158708884794,19379.11,2644.75,NA,NA,"38.79","1762","Both",NA,"Both","Bi-weekly","No","None","Both","Both","Neither","Neither","Yes",NA,"Yes",NA,"No",NA,NA,"Yes",0.120085670722571
"185","Middleborough","7362",6395,0.86864982341755,5145,2108.5,NA,"370","16.329999999999998","35","Both","Yes","Both","Bi-weekly","Yes","None","Both","Neither","Neither","Neither",NA,"Yes","Yes",NA,"Yes",NA,NA,"Yes",0.290687254428896
"186","Middlefield","269",164,0.609665427509294,141.69,49.45,NA,NA,"1.54",NA,"Drop-off",NA,"Drop-off",NA,"No","None","Both","Neither","Both","Neither",NA,"Yes",NA,NA,"No","Yes","No","Yes",0.2587108925395
"188","Milford","11500",9000,0.782608695652174,9987,3300,NA,NA,NA,NA,"Curbside",NA,"Both","Bi-weekly","No","None","Both","Both","Neither","Neither","Yes",NA,NA,NA,"No","Yes","No","Yes",0.248363061639196
"190","Millis","3656",945,0.258479212253829,462.09,282.81,NA,NA,"4.72",NA,"Drop-off",NA,"Drop-off",NA,"No","None","Both","Recycling","Neither","Neither",NA,NA,"Yes",NA,"No","Yes","No",NA,0.379661699556988
"192","Milton","9555",8937,0.935321821036107,6967.34,3893.31,NA,"373.03","21.65",NA,"Curbside","Yes","Both","Weekly","Yes","None","Both","Both","Recycling","Neither","Yes",NA,NA,NA,"Yes",NA,NA,"Yes",0.358478544101872
"193","Monroe","73",73,1,53.83,25.2,NA,NA,"1.25",NA,"Curbside",NA,"Curbside","Weekly","No","None","Both","Neither","Both","Neither","Yes",NA,NA,NA,"No","Yes",NA,"Yes",0.318866253321523
"194","Monson","2962",2689,0.907832545577313,2543.97,442.12,NA,NA,NA,NA,"Curbside",NA,"Curbside","Bi-weekly","No","None","Both","Both","Neither","Neither",NA,"Yes",NA,NA,"No","Yes",NA,"Yes",0.148059837446293
"195","Montague","2625",2625,1,1609.97,581.89,NA,"100","13.64",NA,"Curbside",NA,"Both","Weekly","No","None","Both","Neither","Neither","Neither","Yes",NA,NA,NA,"Yes","Yes",NA,"Yes",0.265477722117288
"196","Monterey","902",600,0.665188470066519,353.17,187.99,NA,NA,"3.66","97","Drop-off",NA,"Drop-off",NA,"No","Drop-off","Both","Neither","Both","Neither","Yes",NA,"Yes",NA,"No","Yes","No","Yes",0.347383398625176
"198","Mount Washington","146",146,1,46.38,27.47,NA,NA,NA,NA,"Drop-off",NA,"Drop-off",NA,"No","None","Both","Neither","Neither","Both",NA,"Yes",NA,NA,"No","Yes","Yes",NA,0.371970209884902
"200","Nantucket","9293",9293,1,11109.75,4121.64,"7332.44","13837.54","23.48","7612","Drop-off",NA,"Drop-off",NA,"No","Drop-off","Both","Both","Both","Both","Yes",NA,NA,NA,"No","Yes","Yes",NA,0.270601698203513
"201","Natick","13440",10600,0.788690476190476,6092.04,5364.23,NA,"334.8","9.1199999999999992",NA,"Curbside",NA,"Both","Bi-weekly","Yes","Curbside","Both","Both","Neither","Neither","Yes",NA,NA,NA,"Yes",NA,NA,"Yes",0.468235298225339
"202","Needham","8402",5400,0.642704118067127,3259,3067.59,"0","88.56","0.02","5386","Drop-off",NA,"Drop-off",NA,"No","None","Both","Both","Both","Neither","Yes",NA,NA,NA,"Yes","Yes",NA,"Yes",0.48487257748645
"203","New Ashford","95",0,0,0,18.73,NA,NA,"1450",NA,"None",NA,"Drop-off",NA,"No","None","Recycling","Neither","Recycling","Neither","Yes",NA,NA,NA,"No","Yes",NA,"Yes",1
"204","New Bedford","38888",36394,0.935867105533841,32831.37,8674.1,NA,"5237.54","58.57","180","Curbside","Yes","Both","Weekly","Yes","None","Both","Both","Both","Neither","Yes",NA,NA,NA,"No","Yes","Yes","Yes",0.208986911845595
"206","New Marlborough","940",455,0.484042553191489,262.87,143.37,"262.87",NA,"8.93","89","Drop-off",NA,"Drop-off",NA,"No","Drop-off","Both","Neither","Both","Both",NA,NA,"Yes",NA,"No",NA,NA,NA,0.352919456478929
"207","New Salem","426",228,0.535211267605634,186.01,105.78,"4",NA,NA,NA,"Drop-off",NA,"Drop-off",NA,"No","Drop-off","Both","Neither","Neither","Neither","Yes",NA,"Yes",NA,"Yes","Yes",NA,"Yes",0.362520991123753
"209","Newburyport","9950",7514,0.755175879396985,5641.58,2593.94,"227.18","487.08","26.16","0","Curbside",NA,"Both","Bi-weekly","Yes","Both","Both","Both","Both","Neither","Yes",NA,NA,NA,"No","Yes",NA,NA,0.314969789400062
"210","Newton","33500",28500,0.850746268656716,18690.06,10211.68,NA,"1949.4","71.56","54","Curbside","Yes","Both","Weekly","Yes","Drop-off","Both","Both","Neither","Neither","Yes",NA,NA,NA,"No",NA,NA,"Yes",0.353324055921893
"211","Norfolk","3869",1270,0.32825019384854,916,418,NA,"455","6.87",NA,"Drop-off",NA,"Drop-off",NA,"No","None","Both","Neither","Neither","Neither",NA,NA,"Yes",NA,"Yes",NA,NA,NA,0.313343328335832
"212","North Adams","5366",5366,1,4718,153.02,NA,"249","11.22","6","Drop-off",NA,"Drop-off",NA,"No","Drop-off","Both","Both","Both","Both",NA,NA,"Yes",NA,"Yes",NA,NA,NA,0.0314143649584687
"213","North Andover","11607",8311,0.71603342810373,8864,2729.19,NA,NA,NA,NA,"Curbside",NA,"Curbside","Weekly","No","None","Both","Both","Recycling","Neither","Yes",NA,NA,NA,"No",NA,NA,NA,0.235413203786016
"214","North Attleborough","11071",9002,0.813115346400506,5369.13,3027.39,NA,"675","12.5","59","Both",NA,"Both","Weekly","Yes","None","Both","Both","Neither","Neither",NA,"Yes",NA,NA,"Yes","Yes","Yes",NA,0.36055294336225
"215","North Brookfield","2053",1077,0.52459814905017,640,129,NA,"110","2.7","51","Drop-off",NA,"Drop-off",NA,"No","None","Both","Recycling","Both","Neither",NA,"Yes",NA,NA,"Yes","Yes","Yes",NA,0.167750325097529
"216","North Reading","5370",4363,0.812476722532588,4523,288.3,NA,NA,NA,NA,"Curbside",NA,"Curbside","Weekly","No","None","Both","Both","Neither","Neither",NA,"Yes",NA,NA,"No",NA,NA,NA,0.0599214349552096
"217","Northampton","12065",3003,0.24890178201409,907.28,883.18,"201.37","262","1.56",NA,"Drop-off",NA,"Drop-off",NA,"No","Drop-off","Neither","Neither","Neither","Neither",NA,NA,"Yes",NA,"Yes","Yes","No","Yes",0.493269885951096
"218","Northborough","5949",4953,0.832576903681291,2097,1174.86,NA,"461.97",NA,NA,"Curbside",NA,"Curbside","Bi-weekly","No","None","Both","Neither","Neither","Neither","Yes",NA,NA,NA,"Yes","Yes",NA,"Yes",0.359080156241404
"220","Northfield","1145",825,0.720524017467249,393.64,265.89,"63",NA,"3.12",NA,"Drop-off",NA,"Drop-off",NA,"No","Drop-off","Both","Neither","Neither","Neither","Yes",NA,"Yes",NA,"Yes","Yes",NA,"Yes",0.403150728549118
"222","Norwell","3680",3567,0.96929347826087,2806,1735.7,NA,"311.04000000000002","14.6",NA,"Curbside","Yes","Both","Weekly","Yes","None","Both","Both","Neither","Neither","Yes",NA,NA,NA,"No","Yes",NA,NA,0.382169672149195
"223","Norwood","13381",9639,0.720349749645019,10616.97,3722.99,"12","164.7",NA,NA,"Curbside","Yes","Both","Bi-weekly","Yes","Drop-off","Both","Both","Neither","Neither","Yes",NA,NA,NA,"No",NA,NA,"Yes",0.259623457806019
"224","Oak Bluffs","3035",1894,0.624052718286656,759.33,261.87,"6.1",NA,NA,NA,"Both",NA,"Drop-off",NA,"No","Drop-off","Both","Trash","Neither","Neither",NA,NA,NA,NA,"Yes",NA,NA,"Yes",0.256433607520564
"225","Oakham","810",0,0,0,0,NA,NA,NA,NA,"None",NA,"None",NA,"No","None","Neither","Neither","Neither","Neither",NA,NA,NA,NA,"No",NA,NA,NA,NA
"226","Orange","2475",1170,0.472727272727273,734.71,288.18,"8","100","9",NA,"Drop-off",NA,"Drop-off",NA,"No","Drop-off","Both","Neither","Neither","Neither","Yes",NA,"Yes",NA,"Yes","Yes",NA,"Yes",0.281731173439959
"227","Orleans","5362",3825,0.713353226408057,1914,789.84,NA,"620","50.24","514","Drop-off",NA,"Drop-off",NA,"No","None","Recycling","Recycling","Recycling","Recycling","Yes","Yes",NA,"Yes","No","Yes","No","Yes",0.292117876797444
"228","Otis","1701",1200,0.705467372134039,853.56,269.82,NA,"3.88","6.79","203","Drop-off",NA,"Drop-off",NA,"No","None","Both","Neither","Both","Both","Yes","Yes",NA,NA,"No","Yes","Yes",NA,0.240185867649415
"230","Palmer","4255",0,0,0,95,NA,NA,NA,NA,"None",NA,"Drop-off",NA,"No","None","Neither","Neither","Neither","Neither",NA,NA,NA,NA,"No",NA,NA,NA,1
"231","Paxton","1592",1592,1,1524.35,161.64,NA,NA,"4.21",NA,"Curbside",NA,"Both","Weekly","Yes","None","Both","Neither","Neither","Neither",NA,"Yes",NA,NA,"No","Yes",NA,"Yes",0.0958724547595182
"232","Peabody","17394",14000,0.804875244337128,16398.69,3626.52,NA,"1155.29","42",NA,"Both",NA,"Both","Weekly","No","None","Both","Both","Neither","Neither","Yes",NA,NA,NA,"No","Yes",NA,NA,0.181097726315979
"234","Pembroke","6686",6544,0.978761591384984,5803.99,2137.46,NA,"900","16.809999999999999","62","Curbside","Yes","Both","Weekly","Yes","None","Both","Recycling","Neither","Neither",NA,"Yes",NA,NA,"No",NA,NA,NA,0.269152358826159
"235","Pepperell","4647",1405,0.302345599311384,908.71,603.52,NA,NA,"7.45","279","Drop-off",NA,"Drop-off",NA,"No","None","Both","Neither","Neither","Both",NA,NA,"Yes","Yes","Yes",NA,NA,NA,0.399092730603149
"236","Peru","380",335,0.881578947368421,207.53,64.92,NA,NA,"1.08",NA,"Drop-off",NA,"Drop-off",NA,"No","None","Both","Neither","Both","Neither","Yes",NA,"Yes",NA,"Yes","Yes",NA,"Yes",0.238282253624518
"237","Petersham","495",294,0.593939393939394,216.76,129.95,NA,NA,"0.05",NA,"Drop-off",NA,"Drop-off",NA,"No","None","Both","Recycling","Neither","Neither","Yes",NA,"Yes",NA,"Yes","Yes",NA,NA,0.374808918116005
"238","Phillipston","803",392,0.488169364881694,192.63,92.49,NA,NA,NA,NA,"Drop-off",NA,"Drop-off",NA,"No","None","Both","Both","Both","Neither","Yes","Yes",NA,NA,"Yes",NA,NA,NA,0.324389730639731
"239","Pittsfield","13741",13617,0.990975911505713,17440,1962.92,NA,NA,NA,NA,"Both",NA,"Both","Weekly","No","None","Both","Both","Neither","Neither","Yes",NA,NA,NA,"No","Yes",NA,"Yes",0.101166216219002
"240","Plainfield","312",216,0.692307692307692,106.21,51.27,NA,NA,"1.86",NA,"Drop-off",NA,"Drop-off",NA,"No","None","Both","Neither","Both","Neither",NA,NA,NA,NA,"Yes","Yes","No","Yes",0.325565151130302
"241","Plainville","4043",2389,0.590897848132575,1569,854.59,NA,"441","5",NA,"Curbside",NA,"Curbside","Weekly","No","None","Both","Both","Neither","Neither","Yes","Yes",NA,NA,"Yes",NA,NA,"Yes",0.35261327204684
"242","Plymouth","32340",4355,0.134662956091528,2519.61,1241.5,NA,"1000","33.700000000000003",NA,"Drop-off",NA,"Drop-off",NA,"No","None","Both","Both","Neither","Neither",NA,"Yes",NA,NA,"Yes",NA,NA,"Yes",0.330088723807599
"244","Princeton","1257",0,0,0,24.4,NA,NA,"4.51",NA,"None",NA,"None",NA,"No","None","Neither","Neither","Neither","Neither",NA,NA,NA,NA,"No",NA,NA,"Yes",1
"245","Provincetown","2556",2556,1,2432,1169.34,NA,"17.28","11",NA,"Both",NA,"Both","Weekly","No","None","Both","Both","Neither","Both","Yes",NA,"Yes","Yes","No","Yes","Yes",NA,0.324695807671589
"246","Quincy","45000",33500,0.744444444444444,32467.65,5664.64,NA,"1182.5999999999999","78.14",NA,"Curbside",NA,"Both","Weekly","No","None","Both","Both","Neither","Neither","Yes",NA,NA,NA,"No",NA,NA,"Yes",0.148552316160398
"247","Randolph","12253",9526,0.777442259038603,11105,2537,NA,"1469","19",NA,"Curbside",NA,"Curbside","Bi-weekly","Yes","None","Both","Both","Neither","Neither",NA,"Yes",NA,NA,"No",NA,NA,NA,0.185969799149685
"248","Raynham","4562",1190,0.26085050416484,742.06,415.28,NA,NA,"20.82","360","Drop-off",NA,"Drop-off",NA,"No","None","Both","Neither","Both","Neither",NA,NA,"Yes",NA,"Yes",NA,NA,NA,0.358822817840911
"249","Reading","8895",8293,0.932321528948848,7585.39,2767.38,NA,"4123.7","38.340000000000003",NA,"Curbside",NA,"Curbside","Weekly","No","None","Both","Both","Neither","Neither","Yes",NA,NA,NA,"No","Yes",NA,NA,0.267308169697578
"251","Revere","27269",20452,0.750009167919616,18989.65,3677.92,NA,"760.67","19.809999999999999",NA,"Curbside","Yes","Curbside","Bi-weekly","Yes","None","Both","Both","Neither","Neither","Yes",NA,NA,NA,"No","Yes",NA,NA,0.162254710143169
"253","Rochester","1984",1984,1,2313.87,589.43,"0","0","0","0","Both","Yes","Both","Bi-weekly","Yes","None","Both","Neither","Neither","Neither","Yes",NA,"Yes",NA,"No",NA,NA,"Yes",0.203020700582096
"254","Rockland","5445",5075,0.932047750229568,4554,1373.46,NA,"500","13.4",NA,"Curbside","Yes","Both","Bi-weekly","Yes","None","Both","Both","Neither","Neither",NA,"Yes",NA,NA,"No","Yes",NA,"Yes",0.231711390713729
"255","Rockport","4922",3125,0.634904510361642,2090.93,1024.1,NA,NA,"8.08",NA,"Drop-off",NA,"Drop-off",NA,"No","None","Both","Both","Both","Neither","Yes",NA,NA,NA,"Yes","Yes","No",NA,0.328760878707428
"256","Rowe","216",184,0.851851851851852,127.87,67.25,NA,NA,"1.1000000000000001",NA,"Drop-off",NA,"Drop-off",NA,"No","None","Both","Neither","Neither","Neither","Yes",NA,"Yes",NA,"Yes","Yes",NA,"Yes",0.344659696596966
"258","Royalston","562",385,0.685053380782918,248.5,217.7,NA,NA,"11.77",NA,"Drop-off",NA,"Drop-off",NA,"No","None","Both","Both","Both","Both","Yes",NA,"Yes",NA,"Yes",NA,NA,"Yes",0.466966966966967
"259","Russell","563",420,0.746003552397869,245.37,84.86,NA,NA,NA,NA,"Drop-off",NA,"Drop-off",NA,"No","None","Both","Neither","Neither","Neither","Yes","Yes",NA,NA,"Yes","Yes",NA,NA,0.256972413166581
"261","Salem","20981",17000,0.810256899099185,12004.11,4076.95,"190.04","585.29","40.26",NA,"Curbside","Yes","Curbside","Bi-weekly","Yes","Drop-off","Both","Both","Both","Neither","Yes","Yes",NA,NA,"Yes","Yes","Yes","Yes",0.25352495420078
"264","Sandwich","8500",5000,0.588235294117647,3219,2391.95,NA,"11253","10.24",NA,"Drop-off",NA,"Drop-off",NA,"No","None","Both","Both","Both","Both",NA,NA,NA,"Yes","Yes",NA,NA,NA,0.426300359119222
"265","Saugus","10662",8758,0.82142187206903,9793.74,2389.11,NA,"248.4","46.3",NA,"Curbside",NA,"Both","Weekly","No","None","Both","Both","Neither","Neither","Yes",NA,NA,NA,"No","Yes","Yes",NA,0.196104359817284
"266","Savoy","293",164,0.559726962457338,100.17,33.86,NA,NA,"3.12",NA,"Drop-off",NA,"Drop-off",NA,"No","None","Both","Neither","Both","Neither","Yes",NA,"Yes",NA,"Yes","Yes","No","Yes",0.252630008207118
"267","Scituate","7850",5237,0.667133757961783,5497,2625.74,NA,NA,"51","2518","Drop-off",NA,"Drop-off",NA,"No","None","Both","Neither","Neither","Neither",NA,NA,"Yes",NA,"Yes","Yes","No",NA,0.323257915432477
"268","Seekonk","5306",5146,0.969845457972107,3230.86,1536.08,NA,"135","5.77",NA,"Curbside","Yes","Curbside","Weekly","Yes","None","Both","Neither","Neither","Neither",NA,"Yes",NA,"Yes","Yes","Yes","No",NA,0.322236067582139
"269","Sharon","6686",5376,0.804068202213581,4692.08,2557.64,NA,NA,NA,NA,"Curbside","Yes","Curbside","Weekly","Yes","None","Both","Both","Neither","Neither",NA,"Yes",NA,NA,"Yes",NA,NA,NA,0.352791556087683
"270","Sheffield","1703",849,0.498532002348796,636.68,230.9,NA,NA,"6.66",NA,"Drop-off",NA,"Drop-off",NA,"No","None","Both","Neither","Neither","Neither",NA,"Yes",NA,NA,"No",NA,NA,NA,0.266142603563936
"271","Shelburne","607",503,0.828665568369028,257.69,123.42,NA,NA,NA,NA,"Drop-off",NA,"Drop-off",NA,"No","None","Both","Neither","Neither","Neither","Yes",NA,NA,NA,"Yes","Yes",NA,"Yes",0.323843509747842
"272","Sherborn","1456",1456,1,1598.31,702.35,"38.25",NA,"18.8",NA,"Drop-off",NA,"Drop-off",NA,"No","Drop-off","Both","Recycling","Both","Neither","Yes",NA,NA,NA,"No","Yes","No","Yes",0.305281962567263
"273","Shirley","2500",1654,0.6616,1130.94,353.85,NA,"25","9",NA,"Curbside","Yes","Curbside","Bi-weekly","Yes","None","Both","Neither","Neither","Neither","Yes",NA,NA,NA,"Yes","Yes","No",NA,0.238316529610248
"274","Shrewsbury","13072",10158,0.777080783353733,6448.68,2895.32,NA,"966.46",NA,NA,"Curbside",NA,"Curbside","Weekly","No","None","Both","Both","Both","Both","Yes",NA,NA,NA,"Yes","Yes","No",NA,0.309858732876712
"275","Shutesbury","814",810,0.995085995085995,353.93,197.02,NA,NA,NA,NA,"Curbside",NA,"Curbside","Weekly","No","None","Both","Both","Both","Neither","Yes",NA,"Yes",NA,"Yes","Yes",NA,"Yes",0.357600508213086
"276","Somerset","6944",6944,1,4089.74,2479,NA,NA,NA,NA,"Both",NA,"Curbside","Weekly","Yes","None","Both","Both","Both","Neither","Yes",NA,"Yes",NA,"Yes",NA,NA,NA,0.377393533615275
"277","Somerville","28000",26250,0.9375,18846.21,7645.3,NA,NA,"47.62",NA,"Curbside","Yes","Curbside","Weekly","Yes","None","Both","Both","Recycling","Neither","Yes",NA,NA,NA,"No","Yes",NA,"Yes",0.288594345886663
"278","South Hadley","7190",6507,0.905006954102921,2881.91,1786.19,NA,"280.8","18.27","326","Both",NA,"Both","Bi-weekly","No","None","Both","Both","Both","Both",NA,"Yes",NA,NA,"No","Yes","No",NA,0.382637475632484
"279","Southampton","2275",976,0.429010989010989,689.48,374.18,"0","54","9.48","0","Drop-off",NA,"Drop-off",NA,"No","None","Both","Both","Both","Neither",NA,"Yes",NA,NA,"Yes","Yes","No",NA,0.351785344941053
"281","Southbridge","7303",6587,0.901958099411201,5136,1266,NA,NA,NA,NA,"Curbside","Yes","Curbside","Bi-weekly","Yes","None","Both","Both","Neither","Neither","Yes",NA,NA,NA,"No","Yes",NA,"Yes",0.197750702905342
"282","Southwick","3536",2012,0.569004524886878,2259,1064.25,NA,"180","31",NA,"Drop-off",NA,"Drop-off",NA,"No","None","Both","Neither","Neither","Neither","Yes","Yes",NA,NA,"No","Yes","No",NA,0.320243737305349
"283","Spencer","3796",1812,0.477344573234984,1228,521,NA,NA,NA,NA,"Drop-off",NA,"None",NA,"No","Drop-off","Neither","Neither","Neither","Neither",NA,NA,"Yes",NA,"Yes",NA,NA,NA,0.297884505431675
"284","Springfield","61000",40000,0.655737704918033,45840.04,8579.57,NA,"9433.4",NA,NA,"Curbside","Yes","Both","Bi-weekly","Yes","None","Both","Neither","Neither","Neither","Yes","Yes",NA,NA,"No","Yes","Yes",NA,0.157655852366454
"285","Sterling","3400",3200,0.941176470588235,2302.2,955.21,NA,NA,"0.01",NA,"Curbside",NA,"Both","Weekly","No","None","Both","Both","Neither","Neither","Yes",NA,NA,NA,"No","Yes",NA,"Yes",0.293242177067056
"287","Stoneham","9500",6700,0.705263157894737,6272.7,2153.65,NA,"1800","13.28",NA,"Curbside",NA,"Curbside","Weekly","No","None","Both","Both","Neither","Neither","Yes","Yes",NA,NA,"No","Yes",NA,NA,0.255585158461255
"290","Sturbridge","3751",1882,0.501732871234338,570,366.22,"0","13.5",NA,"97","Drop-off",NA,"Drop-off",NA,"No","None","Both","Neither","Both","Neither","Yes",NA,NA,NA,"Yes","Yes","No",NA,0.391168742389609
"291","Sudbury","6588",894,0.135701275045537,679.49,440.2,NA,"1.1299999999999999","2.64",NA,"Drop-off",NA,"Drop-off",NA,"No","None","Neither","Neither","Neither","Neither",NA,"Yes",NA,NA,"Yes",NA,NA,NA,0.393144531075566
"292","Sunderland","896",0,0,0,0,NA,NA,NA,NA,"None",NA,"None",NA,"No","None","Neither","Neither","Neither","Neither",NA,NA,NA,NA,"No",NA,NA,NA,NA
"293","Sutton","3690",1217,0.329810298102981,565,327.73,"1.5","5.72","0.64",NA,"Drop-off",NA,"Drop-off",NA,"No","Drop-off","Neither","Neither","Neither","Neither",NA,"Yes",NA,NA,"No",NA,NA,NA,0.367109876446406
"294","Swampscott","5745",5125,0.892080069625762,4000.73,1931.14,"74.5",NA,NA,NA,"Curbside","Yes","Curbside","Weekly","No","Both","Both","Both","Neither","Neither","Yes",NA,NA,NA,"No",NA,NA,NA,0.325553324668275
"295","Swansea","6448",6137,0.951767990074442,3875.8,2211.11,NA,NA,NA,NA,"Curbside",NA,"Curbside","Weekly","Yes","None","Both","Neither","Neither","Neither",NA,"Yes",NA,NA,"Yes",NA,NA,NA,0.363256562032296
"296","Taunton","20408",16709,0.8187475499804,12777.28,4982.43,NA,"2245.2399999999998","83.53",NA,"Both",NA,"Both","Bi-weekly","Yes","None","Both","Both","Neither","Neither","Yes",NA,NA,NA,"Yes","Yes","Yes","Yes",0.280546810730581
"298","Tewksbury","10056",10056,1,10008,2845.38,NA,"654",NA,NA,"Curbside","Yes","Curbside","Bi-weekly","Yes","None","Both","Both","Neither","Neither","Yes",NA,NA,NA,"No",NA,NA,"Yes",0.221372121574247
"299","Tisbury","2511",956,0.380724810832338,1278,1604,NA,NA,NA,NA,"Drop-off",NA,"Drop-off",NA,"No","Drop-off","Trash","Neither","Neither","Neither","Yes",NA,"Yes",NA,"No",NA,NA,NA,0.556557945870923
"301","Topsfield","2161",2161,1,1896.06,386.03,"11.25","162",NA,NA,"Curbside",NA,"Curbside","Bi-weekly","No","None","Both","Both","Neither","Neither","Yes",NA,NA,NA,"Yes",NA,NA,NA,0.169156343527205
"302","Townsend","3615",3450,0.954356846473029,2395.91,967.95,NA,"3","11.26",NA,"Curbside",NA,"Both","Weekly","No","None","Both","Neither","Recycling","Recycling","Yes",NA,NA,NA,"No",NA,NA,"Yes",0.287749787446564
"303","Truro","3348",1834,0.54778972520908,1104.99,582.66,"480","54","3.52",NA,"Drop-off",NA,"Drop-off",NA,"No","Drop-off","Both","Both","Both","Both","Yes","Yes",NA,NA,"No","Yes","Yes","Yes",0.34524931117234
"304","Tyngsborough","4387",3791,0.864144062001368,3822,1080.98,NA,NA,NA,NA,"Curbside","Yes","Curbside","Bi-weekly","Yes","None","Both","Both","Neither","Neither","Yes",NA,NA,NA,"No","Yes",NA,"Yes",0.220474079029488
"305","Tyringham","277",204,0.736462093862816,160.92,75.06,NA,NA,NA,NA,"Drop-off",NA,"Drop-off",NA,"No","None","Both","Neither","Neither","Neither",NA,NA,"Yes",NA,"No",NA,NA,NA,0.318077803203661
"306","Upton","3100",2384,0.769032258064516,1512.48,906.91,"0","0","56","0","Curbside","Yes","Curbside","Weekly","No","None","Both","Neither","Neither","Neither","Yes",NA,NA,NA,"Yes","Yes",NA,NA,0.374850685503371
"307","Uxbridge","5500",0,0,0,0,NA,NA,NA,NA,"None",NA,"None",NA,"No","None","Neither","Neither","Neither","Neither",NA,NA,NA,NA,"No","Yes","No","Yes",NA
"308","Wakefield","8925",7242,0.811428571428571,7742.86,2150.15,NA,"2000",NA,NA,"Curbside","Yes","Curbside","Bi-weekly","No","None","Both","Neither","Neither","Neither","Yes",NA,NA,NA,"No","Yes","Yes","Yes",0.217340324127844
"310","Walpole","8510",7432,0.873325499412456,8298.16,1764.17,NA,NA,NA,NA,"Curbside",NA,"Both","Bi-weekly","No","None","Both","Both","Neither","Neither","Yes",NA,NA,NA,"No",NA,NA,NA,0.175324204235003
"311","Waltham","23000",19170,0.833478260869565,19036.51,4685.45,NA,NA,NA,NA,"Curbside",NA,"Curbside","Weekly","Yes","None","Both","Both","Recycling","Neither","Yes",NA,NA,NA,"No",NA,NA,NA,0.197515298061374
"313","Wareham","12380",0,0,0,75.3,NA,NA,NA,NA,"Drop-off",NA,"Drop-off",NA,"No","None","Both","Both","Neither","Neither",NA,NA,NA,NA,"No",NA,NA,NA,1
"314","Warren","2042",599,0.29333986287953,487,256.06,NA,NA,NA,"58","Drop-off",NA,"Drop-off",NA,"No","None","Both","Neither","Both","Both","Yes",NA,"Yes",NA,"No",NA,NA,NA,0.344602050978387
"315","Warwick","362",300,0.828729281767956,109.63,71.75,NA,NA,"2.5099999999999998",NA,"Drop-off",NA,"Drop-off",NA,"No","None","Both","Neither","Neither","Neither","Yes",NA,NA,NA,"Yes","Yes",NA,"Yes",0.395578343808579
"317","Watertown","13652",10000,0.732493407559332,9388.52,2932.33,NA,"1067","50.04",NA,"Curbside","Yes","Both","Bi-weekly","Yes","None","Both","Both","Neither","Neither","Yes",NA,NA,NA,"No","Yes",NA,"Yes",0.237997378427625
"318","Wayland","5885",1845,0.313508920985556,733.39,799.81,NA,"1080","3.38",NA,"Drop-off",NA,"Drop-off",NA,"No","None","Both","Both","Neither","Neither",NA,NA,"Yes","Yes","Yes",NA,NA,"Yes",0.521660579180798
"320","Wellesley","9339",9339,1,5246,2928,"109","613","53","443","Drop-off",NA,"Drop-off",NA,"No","Drop-off","Both","Recycling","Both","Both","Yes",NA,NA,NA,"No",NA,NA,NA,0.358208955223881
"321","Wellfleet","3669",3309,0.901880621422731,1428,708.18,"4.4000000000000004","1000","33.29","360","Drop-off",NA,"Drop-off",NA,"No","Drop-off","Both","Both","Both","Both","Yes","Yes",NA,NA,"No","Yes","No","Yes",0.331517006993793
"322","Wendell","376",352,0.936170212765957,211.5,94.18,"3.5",NA,"2.0299999999999998",NA,"Drop-off",NA,"Drop-off",NA,"No","Drop-off","Both","Neither","Neither","Neither","Yes",NA,"Yes",NA,"Yes","Yes",NA,"Yes",0.308099973828841
"323","Wenham","1419",1345,0.94785059901339,923.3,650.71,"208.2",NA,"9.5500000000000007",NA,"Curbside","Yes","Curbside","Weekly","No","Curbside","Both","Neither","Both","Neither","Yes",NA,NA,NA,"Yes","Yes",NA,NA,0.413409063474819
"324","West Boylston","2903",2488,0.857044436789528,1486.85,717.29,NA,NA,"11.8",NA,"Curbside",NA,"Curbside","Weekly","No","None","Both","Both","Neither","Neither","Yes",NA,NA,NA,"Yes",NA,NA,"Yes",0.325428511800521
"325","West Bridgewater","3226",1820,0.564166150030998,2437.37,564.07,NA,NA,"19.12",NA,"Drop-off",NA,"Drop-off",NA,"No","None","Both","Neither","Neither","Neither","Yes",NA,"Yes",NA,"No",NA,NA,NA,0.187933125433125
"328","West Springfield","12500",8860,0.7088,7400.46,2150.07,NA,NA,NA,NA,"Curbside","Yes","Curbside","Bi-weekly","Yes","None","Both","Both","Neither","Neither","Yes",NA,NA,NA,"No","Yes","Yes",NA,0.225125726006829
"330","West Tisbury","1474",623,0.422659430122117,187,146,"4",NA,NA,NA,"Drop-off",NA,"Drop-off",NA,"No","Drop-off","Both","Both","Neither","Both",NA,NA,NA,NA,"Yes","Yes","No",NA,0.438438438438438
"331","Westborough","5514",4137,0.750272034820457,5191,1448.43,"3.79",NA,"15.48",NA,"Drop-off",NA,"Drop-off",NA,"No","Drop-off","Recycling","Neither","Neither","Neither","Yes",NA,"Yes",NA,"No","Yes",NA,NA,0.21815577542048
"332","Westfield","16143",16143,1,11328.13,3442.91,"0","0","39.75","0","Both","Yes","Both","Bi-weekly","Yes","None","Neither","Neither","Neither","Neither","Yes","Yes","Yes",NA,"No",NA,NA,NA,0.233085144986406
"333","Westford","8018",8018,1,8212,2508.24,NA,NA,"39.01",NA,"Curbside",NA,"Curbside","Bi-weekly","No","None","Both","Both","Neither","Neither","Yes",NA,NA,NA,"No","Yes",NA,"Yes",0.233972373752826
"334","Westhampton","692",387,0.559248554913295,275.24,146.19,NA,NA,"3.76",NA,"Drop-off",NA,"Drop-off",NA,"No","None","Both","Neither","Both","Neither",NA,"Yes",NA,NA,"Yes","Yes","No","Yes",0.346890349524239
"335","Westminster","2987",2844,0.952125878808169,2795.72,709.66,NA,NA,"9.25","295","None",NA,"Both","Weekly","No","None","Both","Both","Neither","Neither","Yes",NA,NA,NA,"No",NA,NA,NA,0.20244880726198
"336","Weston","3600",1675,0.465277777777778,1455.9,955.78,"3.27","691.14","28.19","0","Drop-off",NA,"Drop-off",NA,"No","Drop-off","Both","Recycling","Neither","Neither","Yes","Yes",NA,NA,"No",NA,NA,NA,0.396312943674119
"337","Westport","7019",1950,0.277817352899273,920.33,501.88,NA,"20","1.92","108","Drop-off",NA,"Drop-off",NA,"No","None","Both","Neither","Both","Both","Yes",NA,NA,NA,"No","Yes",NA,NA,0.352887407626159
"339","Weymouth","20562",17612,0.856531465810719,17175.31,5574,NA,"5326","91",NA,"Both","Yes","Both","Weekly","Yes","None","Both","Both","Recycling","Neither",NA,"Yes",NA,NA,"No",NA,NA,NA,0.245018420338903
"340","Whately","602",460,0.764119601328904,161.2,100.79,"42",NA,NA,NA,"Drop-off",NA,"Drop-off",NA,"No","Drop-off","Both","Neither","Neither","Neither","Yes",NA,NA,NA,"Yes","Yes",NA,"Yes",0.384709340051147
"341","Whitman","5238",4639,0.885643375334097,3755.09,1447.85,NA,"1200",NA,NA,"Curbside","Yes","Curbside","Weekly","Yes","None","Both","Neither","Neither","Neither",NA,"Yes",NA,NA,"No","Yes","No","Yes",0.278275359700477
"342","Wilbraham","5729",1655,0.28888113108745,663,1003.75,NA,"351","4.5",NA,"Drop-off",NA,"Drop-off",NA,"No","None","Both","Neither","Neither","Both",NA,NA,"Yes",NA,"Yes",NA,NA,NA,0.60221988900555
"343","Williamsburg","1137",866,0.761653474054529,571.35,258.28,NA,NA,"8.42",NA,"Drop-off",NA,"Drop-off",NA,"No","None","Both","Neither","Both","Neither",NA,"Yes",NA,NA,"No","Yes","No","Yes",0.311319503875221
"344","Williamstown","2252",1133,0.503108348134991,434.27,150074.03,NA,"10.8","12.25",NA,"Drop-off",NA,"Drop-off",NA,"No","None","Both","Neither","Recycling","Neither","Yes",NA,"Yes","Yes","Yes","Yes",NA,"Yes",0.99711464417577
"345","Wilmington","7378",7378,1,7385,2692.3,NA,"826","32.799999999999997",NA,"Curbside","Yes","Curbside","Bi-weekly","Yes","None","Both","Both","Neither","Neither","Yes",NA,NA,NA,"No","Yes","No","Yes",0.267164815972532
"346","Winchendon","4435",934,0.210597519729425,614.2,291.05,NA,NA,"5.99","271","Drop-off",NA,"Drop-off",NA,"No","None","Both","Neither","Both","Both",NA,"Yes",NA,NA,"Yes",NA,NA,NA,0.32151339409003
"347","Winchester","7869",5082,0.645825390773923,5867,2505.9,"17","140.4","43",NA,"Drop-off",NA,"Drop-off",NA,"No","Drop-off","Both","Both","Both","Neither",NA,NA,"Yes",NA,"No",NA,NA,"Yes",0.299286985393352
"348","Windsor","400",392,0.98,172.69,76.71,NA,NA,NA,NA,"Drop-off",NA,"Drop-off",NA,"No","None","Both","Neither","Both","Neither","Yes",NA,"Yes",NA,"Yes","Yes","No","Yes",0.307578187650361
"350","Woburn","12076",11378,0.942199403776085,14341.73,2238.7,NA,NA,NA,NA,"Curbside",NA,"Curbside","Bi-weekly","No","None","Both","Both","Neither","Neither","Yes",NA,NA,NA,"No",NA,NA,NA,0.135020623711207
"351","Worcester","67000",53000,0.791044776119403,25321,11327.72,NA,"5322.51","54.14",NA,"Curbside",NA,"Both","Weekly","No","None","Both","Neither","Recycling","Neither","Yes",NA,NA,NA,"Yes","Yes","Yes","Yes",0.309089103248354
"352","Worthington","532",383,0.719924812030075,274.82,120.53,NA,NA,"2.44",NA,"Drop-off",NA,"Drop-off",NA,"No","None","Both","Neither","Both","Neither",NA,"Yes",NA,NA,"Yes","Yes","No","Yes",0.304869103326167
"353","Wrentham","4300",4081,0.94906976744186,3133.05,1475.8,NA,"81",NA,NA,"Curbside","Yes","Curbside","Bi-weekly","Yes","None","Both","Both","Neither","Neither","Yes",NA,NA,NA,"Yes","Yes",NA,NA,0.320210030701802
"354","Yarmouth","15388",9495,0.6170392513647,9301,1850.47,"0","162","66","13573","Drop-off",NA,"Drop-off",NA,"No","None","Both","Neither","Neither","Trash",NA,NA,"Yes","Yes","No",NA,NA,NA,0.165939557744405
